,1500,2200,2201,2202,2203,2204,2207,2210,2211,2212,2213,2216,2217,2218,2219,2250,2251,2252,2260,2261,2262,2263,2267,2270,2271,2280,2282,2283,2284,2285,2286,2287,2290,2311,2312,2313,2314,2315,2317,2500,2501,2510,2511,2512,2513,2515,2540,2700,2703,2710,2720,2721,2724,2730,2740,2741,2742
2016-02-01,3.0,0.001,2.154,0.0,0.0,0.0,0.0,0.001,0.826,2.0,0.0,0.0,0.28600000000000003,0.0,0.53,0.001,0.44799999999999995,0.0,0.33,0.0,0.0,0.0,0.0,0.0,0.382,0.0,0.0,0.244,0.0,0.0,0.0,0.0,0.0,88.0,0.0,2.0,0.0,0.0,0.0,0.0,0.35200000000000004,0.0,4.0,0.004,0.0,0.0,0.0,0.0,0.0,0.0,0.0,0.0,0.0,0.9059999999999999,0.0,0.0,0.0
2016-02-02,0.0,1.01,0.87,2.2640000000000002,1.5519999999999998,0.002,0.0,0.0,1.234,0.312,0.192,0.0,0.0,0.0,0.0,0.0,0.0,0.0,0.43799999999999994,0.0,0.358,1.01,0.0,0.764,0.8759999999999999,0.0,0.0,0.1,0.0,0.0,0.0,0.0,0.0,10.0,0.41000000000000003,0.001,0.0,0.0,0.0,0.0,0.6439999999999999,0.0,0.0,0.0,0.0,0.0,0.0,2.0,0.0,0.0,0.48200000000000004,0.0,342.0,0.284,0.001,8.0,0.0
2016-02-03,5.0,8.686,1.126,0.001,1.6740000000000002,0.004,0.0,0.28800000000000003,0.0,0.0,0.0,0.0,0.638,0.0,0.0,0.0,0.0,0.0,0.0,0.0,0.0,0.0,0.0,0.23199999999999998,0.49,0.0,0.0,0.0,0.0,0.0,0.0,0.0,0.0,1.0,0.0,0.001,0.0,0.0,0.0,0.0,0.0,2.0,0.0,0.0,0.0,1.046,0.0,1.0,0.0,0.0,0.0,0.0,336.0,0.0,0.084,0.302,0.0
2016-02-04,1.0,0.662,0.688,2.3,3.378,0.0,0.0,1.1059999999999999,0.7140000000000001,0.5539999999999999,0.02,0.466,0.04,0.9540000000000001,0.15,130.0,0.0,0.0,0.0,0.0,0.0,0.0,0.0,0.706,0.42,0.0,0.0,0.0,0.0,0.0,0.0,0.0,0.0,20.0,0.258,0.43,0.0,0.0,0.0,0.0,0.0,2.2,2.0,0.306,0.0,0.0,0.0,0.634,0.0,0.37200000000000005,0.001,0.0,0.0,0.782,0.002,0.001,0.0
2016-02-05,0.0,0.248,2.6679999999999997,0.0,5.874,0.0,0.0,1.07,0.0,0.0,0.426,0.0,0.035,0.0,0.9039999999999999,128.0,0.0,0.0,0.51,0.48,0.0,0.428,0.0,0.002,0.28600000000000003,0.0,0.0,0.0,0.0,0.0,0.0,0.0,0.0,1.0,0.58,0.002,0.0,0.0,0.0,0.0,0.308,0.0,0.0,2.083,0.0,0.0,0.0,3.0,0.0,0.358,0.0,0.0,0.0,0.23600000000000002,0.0,0.0,0.0
2016-02-06,3.0,0.001,10.591999999999999,1.6280000000000001,2.724,0.002,0.0,3.936,0.562,0.8,0.374,0.39799999999999996,0.746,0.0,0.28600000000000003,0.001,0.0,0.0,1.9340000000000002,0.0,0.0,0.598,0.0,0.42200000000000004,0.272,0.0,0.0,0.0,0.254,0.0,0.0,0.0,0.0,60.0,0.23199999999999998,1.0,0.0,0.0,0.0,0.0,0.0,5.0,4.0,4.21,0.0,1.046,0.0,0.5760000000000001,0.0,0.356,0.001,0.0,0.0,0.14,0.001,0.134,0.0
2016-02-07,0.0,2.76,0.818,0.0,1.56,0.0,0.0,0.99,0.0,0.322,0.0,0.0,0.43,0.0,0.0,0.0,0.0,0.0,0.0,0.0,0.0,0.0,0.0,0.277,0.306,0.0,0.0,0.0,0.0,0.0,0.0,0.0,0.0,1.0,1.0,0.001,0.0,0.0,0.0,0.0,0.0,0.0,0.0,0.02,0.0,0.0,0.0,0.3,0.47200000000000003,0.0,0.002,0.0,0.0,0.0,0.0,0.0,0.0
2016-02-08,0.0,0.0,0.0,0.0,0.0,0.0,0.0,0.0,0.0,0.252,0.37,0.0,0.244,0.0,0.40399999999999997,128.0,0.0,0.0,0.0,0.0,0.0,0.0,0.0,0.0,0.47200000000000003,0.0,0.0,0.0,0.0,0.0,0.0,0.0,0.0,2.0,1.0,0.43,0.0,0.0,0.0,0.0,0.0,0.0,0.0,0.0,0.0,0.0,0.0,0.266,0.0,0.0,0.0,0.0,0.0,0.5820000000000001,0.1,0.0,0.0
2016-02-09,0.0,0.0,1.1440000000000001,2.4859999999999998,0.0,0.0,0.0,0.316,1.208,0.0,0.0,0.0,0.8,0.0,0.0,0.001,0.0,0.0,0.0,0.0,0.0,0.0,0.0,0.0,0.0,0.0,0.0,0.0,0.0,0.0,0.0,0.0,0.0,10.0,0.0,0.001,0.0,0.0,0.45,0.0,0.0,0.001,0.0,0.007,0.0,0.0,0.0,0.536,0.0,0.0,0.002,0.0,0.0,0.8059999999999999,0.001,0.0,0.0
2016-02-10,0.0,0.0,1.1420000000000001,3.81,0.938,0.0,0.0,1.1320000000000001,1.082,0.5880000000000001,0.0,0.0,0.0,0.0,0.0,0.0,0.0,0.0,0.0,0.0,0.0,0.0,0.0,0.0,0.0,0.0,0.0,0.0,0.0,0.0,0.0,0.0,0.0,0.44799999999999995,0.0,0.0,0.0,0.0,0.0,2.0,0.0,0.0,0.0,0.004,0.0,0.0,0.0,0.0,0.0,0.0,0.0,0.0,304.0,0.294,0.0,0.242,0.0
2016-02-11,0.0,2.902,1.514,0.494,3.2680000000000002,0.0,0.0,0.44799999999999995,0.606,0.262,0.41200000000000003,0.0,0.604,0.0,0.0,0.0,0.0,0.0,0.0,0.0,0.0,0.0,0.0,0.0,1.242,0.0,0.0,0.0,0.0,0.0,0.0,0.0,0.0,0.0,0.126,0.002,0.0,0.0,0.0,0.0,0.0,0.0,2.0,0.0,0.0,0.0,0.0,0.0,0.268,0.392,0.003,0.0,0.0,0.0,0.002,0.41,0.0
2016-02-12,0.0,0.504,1.27,1.45,2.132,0.0,0.0,1.51,0.0,0.376,0.478,0.0,0.528,0.0,0.0,0.0,0.0,0.0,1.37,0.0,0.0,0.0,0.0,0.0,0.0,0.336,0.0,0.0,0.0,0.0,0.0,0.0,0.0,12.0,0.0,0.002,0.0,0.0,0.0,0.0,0.0,2.0,0.0,0.0,0.0,0.0,0.0,0.005,0.0,0.0,0.002,0.0,0.0,0.746,0.001,0.006,0.0
2016-02-13,0.0,0.6679999999999999,1.258,0.0,0.0,0.0,0.0,0.47200000000000003,0.462,0.0,0.324,0.0,0.044000000000000004,0.0,0.0,0.0,0.0,0.0,1.252,0.0,0.0,0.0,0.0,0.17,0.0,0.0,0.0,0.0,0.0,0.0,0.0,0.0,0.0,30.0,0.56,0.001,0.0,0.0,0.0,0.0,0.47,0.514,2.0,2.105,0.0,0.0,0.0,24.0,0.0,0.0,0.001,0.0,0.0,0.0,0.0,0.003,0.0
2016-02-14,0.0,0.738,2.3280000000000003,1.841,0.904,1.7919999999999998,0.0,0.001,0.42200000000000004,1.234,0.0,0.0,0.47600000000000003,0.0,0.33,1.264,0.0,0.0,0.0,0.0,0.0,0.0,0.0,0.005,0.0,0.0,0.0,0.0,0.0,0.0,0.0,0.0,0.0,1.0,1.0,0.002,0.0,0.0,0.0,0.0,0.0,0.0,3.0,8.42,0.0,0.0,0.0,0.0,0.0,0.372,0.0,0.0,0.0,0.0,0.0,21.0,0.0
2016-02-15,0.0,0.37799999999999995,2.6660000000000004,2.08,1.464,0.0,0.0,0.21,0.8440000000000001,0.8140000000000001,0.946,0.0,0.23600000000000002,0.43799999999999994,2.1180000000000003,1.328,0.0,0.0,0.996,0.0,0.0,0.0,0.982,0.49200000000000005,0.0,0.0,0.0,0.0,0.0,0.0,0.0,0.0,0.0,1.0,0.182,0.001,0.0,0.0,0.0,0.0,0.0,4.0,0.0,0.0,0.6,0.0,0.0,0.59,0.0,0.0,0.003,0.0,0.0,0.146,0.08199999999999999,0.003,0.0
2016-02-16,0.0,0.754,0.99,0.0,1.946,0.0,0.0,0.001,1.582,0.266,0.456,0.0,0.126,0.0,0.0,0.0,0.0,0.0,1.094,0.0,0.0,0.0,0.0,0.0,0.23199999999999998,0.0,0.0,0.0,0.0,0.0,0.0,0.0,0.0,10.0,0.0,0.001,0.0,0.0,0.0,0.0,0.0,0.0,4.0,2.105,0.0,0.0,0.0,0.0,0.0,0.0,0.002,0.0,0.0,0.14800000000000002,0.0,12.0,0.0
2016-02-17,0.0,1.264,0.002,0.0,1.32,0.0,0.0,0.368,1.156,3.82,0.986,0.0,0.392,0.0,0.0,0.0,0.0,0.0,3.2039999999999997,0.0,0.0,0.0,1.126,0.0,0.406,0.0,0.0,0.16399999999999998,0.0,0.0,0.0,0.0,0.0,0.0,0.0,0.002,0.0,0.0,0.0,0.0,0.0,4.0,2.0,0.0,0.0,0.0,0.0,1.502,0.0,0.0,0.0,0.0,0.0,2.588,130.0,6.0,0.0
2016-02-18,0.0,0.258,1.07,1.5019999999999998,2.428,1.192,0.0,1.952,0.8220000000000001,1.222,0.001,0.0,0.02,0.0,0.0,0.001,0.0,0.0,0.0,0.0,0.0,0.504,0.0,0.0,0.298,0.0,0.0,0.0,0.0,0.0,0.0,0.0,0.0,30.0,0.0,0.001,0.0,0.0,0.0,0.0,0.0,0.0,0.0,0.0,0.136,0.0,0.0,2.0,0.0,0.0,0.584,0.0,0.0,0.218,0.0,0.014000000000000002,0.0
2016-02-19,0.0,2.668,1.994,2.248,4.5,0.0,0.0,0.552,0.812,0.124,0.0,0.0,0.136,0.0,0.89,0.0,0.0,0.0,0.254,0.0,0.0,0.0,0.0,0.0,0.0,0.0,0.0,0.0,0.0,0.0,0.0,0.0,0.0,0.33399999999999996,0.264,0.0,0.0,0.0,0.0,0.0,0.0,0.24,4.0,0.0,0.0,0.0,0.0,8.0,0.0,0.0,0.0,0.0,0.0,0.23600000000000002,10.0,0.258,0.0
2016-02-20,1.0,0.5920000000000001,1.148,0.0,0.82,0.0,0.0,2.036,0.8740000000000001,0.614,1.7960000000000003,0.0,0.46399999999999997,0.0,0.348,0.0,0.0,0.0,4.588,0.0,0.0,0.0,0.0,0.774,0.132,0.0,0.0,0.0,0.0,0.0,0.0,0.0,0.0,30.0,0.0,0.46,0.0,0.0,0.0,0.0,0.0,0.2,2.0,2.105,0.0,0.0,0.0,2.0,0.0,0.798,0.0,0.0,228.0,0.184,0.001,0.604,0.564
2016-02-21,0.0,1.776,1.198,3.4909999999999997,5.1,0.0,0.0,0.8320000000000001,0.0,0.28600000000000003,0.674,0.0,0.564,0.0,0.0,0.0,0.0,0.0,0.0,0.0,0.0,0.0,0.0,0.32799999999999996,0.39399999999999996,0.91,0.0,0.0,0.0,0.0,0.0,0.0,0.0,1.0,0.758,0.001,0.0,0.0,0.0,0.0,0.0,5.0,2.0,0.0,0.81,0.0,0.0,0.142,0.0,0.0,0.516,0.0,0.0,0.46,0.001,0.322,0.0
2016-02-22,1.0,0.0,1.042,1.46,2.056,0.0,0.0,1.53,0.544,0.0,0.20800000000000002,0.596,0.498,0.0,0.5539999999999999,0.0,0.0,0.0,3.222,0.0,0.0,0.0,0.0,0.0,0.21,0.0,0.0,0.0,0.0,0.0,0.0,0.0,0.0,0.368,1.0,0.316,0.0,0.0,0.326,0.0,0.9339999999999999,0.498,2.0,0.001,0.0,0.0,0.0,0.0,0.0,0.0,0.001,0.0,0.0,0.28800000000000003,0.97,0.008,0.0
2016-02-23,0.0,0.0,0.0,0.0,3.1679999999999997,0.0,0.0,0.0,0.634,0.0,0.0,0.0,0.33399999999999996,0.0,0.0,0.0,0.0,0.0,1.694,0.0,0.0,0.0,0.0,0.0,0.858,0.0,0.0,0.0,0.0,0.0,0.0,0.0,0.0,0.0,0.294,0.001,0.312,0.0,0.0,0.0,0.0,0.3,3.0,0.002,0.0,0.0,0.0,0.01,0.0,0.0,0.001,0.0,0.0,1.53,0.001,0.8159999999999998,0.0
2016-02-24,0.0,0.9059999999999999,0.568,0.0,1.52,1.994,0.0,0.298,0.984,0.001,0.9319999999999999,0.0,0.31,0.0,0.598,0.0,0.0,0.0,0.0,0.0,0.0,0.47200000000000003,0.0,0.0,0.552,0.0,0.0,0.0,0.0,0.0,0.0,0.0,0.11599999999999999,1.0,0.2,1.0,0.0,0.0,0.0,1.508,0.41600000000000004,4.0,0.0,2.105,0.8799999999999999,0.0,0.0,0.19399999999999998,0.0,0.0,0.006,0.0,0.0,0.154,0.0,1.3330000000000002,0.0
2016-02-25,0.0,1.258,0.226,0.0,4.792,0.0,0.0,3.66,0.724,0.674,0.001,0.0,0.562,0.0,0.0,0.7140000000000001,0.0,0.0,0.698,0.0,0.0,0.0,0.0,0.0,0.0,0.0,0.0,0.0,0.0,0.0,0.0,0.0,0.0,0.0,0.0,0.21,0.0,0.0,0.0,0.0,0.0,0.0,0.0,0.0,0.0,0.0,0.0,0.21600000000000003,0.0,0.968,0.55,0.0,436.0,1.0,0.001,0.27,0.0
2016-02-26,0.0,2.279,0.0,0.0,0.81,0.0,0.0,0.644,0.544,0.312,0.41200000000000003,0.0,0.292,0.0,0.0,0.778,0.0,0.0,2.51,0.0,0.0,0.0,0.0,0.0,0.5,0.0,0.0,0.0,0.0,0.0,0.0,0.0,0.0,10.0,0.346,0.368,0.0,0.0,0.0,0.0,0.0,0.244,0.0,0.0,0.18,0.0,0.0,2.875,0.0,0.0,0.0,0.0,340.0,0.672,0.0,0.0,0.0
2016-02-27,1.0,1.124,1.044,1.178,1.078,0.0,0.0,0.946,1.026,0.0,0.0,0.0,0.282,0.0,0.0,0.0,0.0,0.0,1.216,0.0,0.0,0.0,0.0,0.0,0.196,0.0,0.0,0.0,0.0,0.0,0.0,0.0,0.0,1.0,0.092,0.354,0.0,0.0,0.0,0.0,0.0,0.0,0.0,0.004,0.0,0.0,0.0,0.43200000000000005,0.0,0.478,0.001,0.0,0.0,1.226,0.002,0.005,0.0
2016-02-28,0.0,0.8540000000000001,2.496,0.0,1.208,0.0,0.0,0.606,0.584,0.0,0.33,0.0,0.015,0.0,0.0,0.0,0.0,0.0,1.92,0.0,0.0,0.332,0.33799999999999997,0.28600000000000003,0.3,0.0,0.0,0.0,0.0,0.0,0.0,0.0,0.0,73.0,0.12,0.332,0.0,0.0,0.0,0.0,0.0,0.0,0.506,0.0,0.0,0.0,0.0,1.0,0.0,0.6839999999999999,0.0,0.0,0.0,0.0,0.988,1.3330000000000002,0.0
2016-02-29,0.0,0.8340000000000001,1.314,0.0,5.454000000000001,0.0,0.0,0.3,0.5720000000000001,0.0,0.5720000000000001,0.0,0.294,0.0,0.23800000000000002,0.0,0.0,0.0,0.55,0.0,0.0,0.0,0.0,0.924,0.0,0.0,0.0,0.0,0.0,0.0,0.0,0.0,0.0,1.0,0.0,0.254,0.0,0.0,0.0,0.0,0.0,0.2,0.0,4.0,0.0,0.0,0.0,0.46399999999999997,0.0,0.0,0.0,0.0,0.0,0.0,0.0,0.002,0.0
2016-03-01,0.0,0.858,2.198,0.001,5.126,0.0,0.0,0.948,0.02,0.27399999999999997,0.606,0.0,0.526,0.0,0.0,0.0,0.0,0.0,0.98,0.0,0.0,0.0,0.0,0.0,0.38799999999999996,0.0,0.0,0.0,0.0,0.0,0.0,0.0,0.0,30.0,0.0,0.292,0.0,0.0,0.0,0.0,0.0,0.0,2.0,4.0,0.0,0.0,0.0,2.75,0.0,0.0,0.001,0.0,0.0,0.29,0.084,0.003,0.0
2016-03-02,0.0,1.922,0.6579999999999999,2.12,2.3360000000000003,0.0,0.0,0.86,0.0,0.0,0.43799999999999994,0.0,0.0,0.0,0.0,0.0,0.0,0.0,0.0,0.0,0.0,0.0,0.0,0.0,0.0,0.0,0.0,0.0,0.0,0.0,0.0,0.0,0.0,0.0,0.0,0.001,0.0,0.0,0.0,0.0,0.0,0.0,2.0,2.0,0.0,0.0,0.0,0.036000000000000004,0.0,0.0,0.0,0.0,0.0,1.356,0.0,0.002,0.0
2016-03-03,0.0,0.884,0.67,0.09,1.0,0.0,0.001,0.0,0.634,0.0,0.0,0.0,0.034,0.0,0.0,0.0,0.0,0.0,1.942,0.0,0.0,0.0,0.0,0.34600000000000003,0.0,0.0,0.0,0.0,0.0,0.0,0.0,0.0,0.0,12.0,0.0,0.0,0.0,0.0,0.0,0.0,0.0,2.0,0.0,0.004,0.0,0.0,0.0,0.9540000000000001,0.0,0.0,0.0,0.0,0.0,0.0,0.0,0.001,0.0
2016-03-04,0.0,1.838,0.9359999999999999,0.0,1.01,0.0,0.0,0.384,0.276,0.248,0.49200000000000005,0.0,0.0,0.0,0.0,0.0,0.0,0.0,0.0,0.0,0.0,0.0,0.0,0.0,0.45399999999999996,0.0,0.0,0.0,0.0,0.0,0.0,0.0,0.0,1.0,0.092,0.001,0.0,0.0,0.0,0.0,0.0,0.0,0.0,2.083,0.0,0.0,0.0,0.31,0.0,0.0,0.0,0.0,406.0,0.19399999999999998,0.086,1.3330000000000002,0.0
2016-03-05,0.0,0.552,1.154,0.0,4.878,0.001,0.0,0.494,0.6459999999999999,0.292,0.43799999999999994,0.0,0.45399999999999996,0.0,2.012,0.0,0.0,0.0,3.31,0.0,0.0,0.0,0.0,0.0,0.44,0.0,0.0,0.055999999999999994,0.0,0.0,0.0,0.0,0.0,1.0,0.21000000000000002,0.001,0.0,0.0,0.0,0.0,0.0,0.20800000000000002,0.0,6.0,0.0,0.0,0.0,0.16,0.0,0.8400000000000001,0.5579999999999999,0.0,0.0,0.172,0.098,0.422,0.0
2016-03-06,0.0,0.7879999999999999,0.0,1.6769999999999998,1.002,0.004,0.0,0.001,0.682,0.0,0.368,0.0,0.0,0.0,0.414,0.0,0.0,0.0,0.0,0.0,0.622,0.684,0.0,0.0,0.0,0.0,0.0,0.0,0.0,0.0,0.0,0.0,0.0,1.0,0.0,0.001,0.0,1.0,0.0,0.0,0.0,2.0,1.067,0.004,0.0,0.0,0.0,0.23199999999999998,0.0,0.23,0.001,0.0,314.0,0.10400000000000001,0.001,0.28,0.0
2016-03-07,0.0,0.858,1.068,0.0,0.912,1.558,0.0,0.34,1.68,0.0,0.0,0.0,0.001,0.0,0.0,0.0,0.0,0.0,0.0,0.0,0.0,0.0,0.0,0.0,0.20800000000000002,0.0,0.0,0.0,0.0,0.0,0.0,0.0,0.0,1.0,0.0,0.002,0.0,0.0,0.0,0.0,0.0,0.0,0.0,0.0,0.0,0.0,0.0,0.0,0.0,0.0,0.0,0.0,0.0,0.0,0.0,0.0,0.0
2016-03-08,0.0,0.6940000000000001,0.0,1.6580000000000001,1.0979999999999999,0.0,0.001,0.614,0.442,0.31,0.556,0.0,0.528,0.0,0.35600000000000004,0.0,0.0,0.0,0.0,0.0,0.0,0.0,0.0,0.0,0.0,0.0,0.0,0.0,0.0,0.0,0.0,0.0,0.0,1.0,0.102,0.0,0.0,0.0,0.0,0.0,0.0,0.0,8.0,0.0,0.8240000000000001,0.0,0.0,5.75,0.0,0.0,1.008,0.0,0.0,0.866,0.003,12.0,0.0
2016-03-09,0.0,0.7020000000000001,1.078,0.0,1.242,0.0,0.0,0.52,0.84,0.0,0.0,0.0,0.0,0.0,0.0,0.0,0.0,0.0,0.0,0.0,0.0,0.0,0.0,0.34600000000000003,0.0,0.0,0.0,0.06,0.23199999999999998,0.0,0.0,0.0,0.0,20.0,0.0,0.0,0.0,0.0,0.0,0.0,0.0,0.0,0.0,0.02,0.0,0.0,0.0,1.5,0.0,0.552,0.0,0.0,0.0,0.0,0.0,0.0,0.0
2016-03-10,0.0,0.0,1.176,0.0,0.7020000000000001,0.0,0.001,0.764,0.364,0.11800000000000001,0.01,0.0,0.314,0.0,0.0,0.0,0.0,0.0,0.0,0.0,0.0,0.0,0.0,0.0,0.146,0.0,0.0,0.0,0.0,0.0,0.0,0.0,0.0,1.0,0.0,0.0,0.0,0.0,0.0,0.0,0.0,0.0,0.0,2.0,0.0,0.0,0.0,2.25,0.0,0.0,0.001,0.0,0.0,0.386,0.0,36.0,0.0
2016-03-11,1.0,0.358,0.0,0.0,1.068,0.0,0.0,1.506,0.29,0.0,4.2,0.0,0.084,0.0,0.87,0.0,0.0,0.0,0.0,0.0,0.0,0.0,0.0,0.0,0.456,0.0,0.0,0.11,0.0,0.0,0.0,0.0,0.0,0.37200000000000005,0.0,0.0,0.0,0.0,0.0,0.0,0.0,0.0,0.0,0.0,0.0,0.0,0.0,3.25,0.0,0.0,0.47600000000000003,0.0,0.0,2.5,0.0,0.0,0.0
2016-03-12,0.0,0.55,1.204,0.0,2.2,0.318,0.001,0.604,0.628,0.0,0.5920000000000001,0.0,0.49,0.49200000000000005,0.384,4.338,0.0,0.0,0.0,0.0,0.0,0.0,0.0,0.0,0.0,0.0,0.0,0.0,0.0,0.0,0.0,0.0,0.0,2.0,0.122,0.003,0.0,0.0,0.0,0.0,0.0,0.0,10.0,0.0,0.0,0.0,0.0,0.308,0.0,0.85,0.0,0.0,0.0,1.25,0.001,12.0,0.0
2016-03-13,0.0,0.376,0.0,0.402,2.306,0.0,0.0,0.498,1.552,0.0,0.47200000000000003,0.0,0.302,0.36200000000000004,0.46799999999999997,0.0,0.0,0.0,0.0,0.0,0.0,0.0,0.0,0.23800000000000002,0.0,0.0,0.0,0.0,0.0,0.0,0.0,0.08199999999999999,0.0,1.0,0.21600000000000003,0.002,0.0,0.0,0.0,0.0,0.0,0.3,0.0,2.105,0.0,0.0,0.0,0.628,0.0,0.4,0.002,0.0,0.0,0.9039999999999999,0.6559999999999999,0.46,0.0
2016-03-14,0.0,0.622,1.294,0.0,0.306,0.0,0.0,0.706,0.0,0.586,0.0,0.0,0.0,0.0,0.0,1.328,0.0,0.0,0.0,0.0,0.0,0.0,0.0,0.45,0.0,0.0,0.0,0.0,0.0,0.0,0.0,0.0,0.0,33.0,0.0,0.002,0.0,0.0,0.0,0.0,0.0,0.2,2.0,0.0,0.0,0.0,0.0,1.25,0.0,0.0,0.001,0.0,0.0,1.432,0.001,0.001,0.0
2016-03-15,0.0,1.714,1.37,1.3,0.0,0.0,0.0,1.9180000000000001,0.532,0.0,0.015,0.0,0.24,0.0,0.0,2.656,0.0,0.0,0.0,0.0,0.0,0.396,0.0,0.452,0.0,0.0,0.0,0.0,0.0,0.0,0.0,1.0,0.126,1.0,0.0,0.002,0.0,0.0,0.0,0.0,0.0,0.002,3.0,0.0,0.0,0.0,0.0,3.0,0.0,0.0,0.002,0.0,0.0,1.258,0.05,1.0,0.0
2016-03-16,1.0,3.6500000000000004,1.088,0.0,0.0,0.0,0.0,0.344,0.03,0.324,0.258,0.0,0.35200000000000004,0.0,0.0,0.0,0.0,0.0,0.0,0.0,0.0,0.0,0.0,0.0,0.0,0.0,0.0,0.0,0.0,0.0,0.0,0.0,0.0,42.0,0.304,0.001,0.0,0.0,0.0,0.0,0.0,0.6,2.0,0.268,0.0,0.0,0.0,1.5,0.0,0.0,0.006,0.0,0.0,0.134,0.003,0.001,0.0
2016-03-17,0.0,0.005,0.508,2.35,0.8740000000000001,0.0,0.0,0.484,0.0,0.0,0.0,0.0,0.084,0.0,0.98,0.0,0.0,0.0,0.0,0.0,0.0,0.0,0.0,0.0,0.0,0.0,0.0,0.0,0.0,0.0,0.0,0.0,0.0,0.0,0.156,0.254,0.0,0.0,0.0,0.0,0.0,0.0,0.0,3.0,0.0,0.0,0.0,1.25,0.0,0.434,0.0,0.0,0.0,0.0,0.0,0.006,0.0
2016-03-18,0.0,0.39799999999999996,1.212,0.0,0.934,0.0,0.0,0.01,0.508,0.0,0.0,0.0,0.0,0.0,0.0,1.328,0.0,0.0,0.0,0.0,0.0,0.0,0.0,0.33799999999999997,0.442,0.0,0.0,0.0,0.0,0.0,0.0,0.038,0.0,1.0,0.162,0.001,0.0,0.0,0.0,1.508,0.0,0.0,21.333,2.083,0.0,0.0,0.0,0.392,0.0,0.0,0.002,0.0,0.0,0.14,0.001,0.002,0.0
2016-03-19,1.0,0.92,2.578,2.3819999999999997,0.6459999999999999,0.0,0.013999999999999999,1.296,0.34600000000000003,0.0,0.9359999999999999,0.0,0.24600000000000002,0.0,0.0,0.34600000000000003,0.0,0.0,5.808000000000001,0.0,0.0,0.0,0.652,1.068,0.0,0.0,0.0,0.192,0.0,0.0,0.0,0.0,0.16399999999999998,0.142,0.0,0.0,0.0,0.0,0.0,0.0,0.0,0.0,3.0,2.105,0.0,0.0,0.0,6.25,0.0,0.0,0.002,0.0,0.0,0.168,0.0,0.256,0.0
2016-03-20,0.0,0.512,0.8420000000000001,0.0,2.8,0.0,0.0,0.5379999999999999,0.452,0.838,0.16399999999999998,0.41,0.37200000000000005,0.478,0.214,0.668,0.0,0.0,0.74,0.0,0.0,0.46799999999999997,0.0,0.316,0.0,0.0,0.0,0.092,0.0,0.0,0.0,0.0,0.0,0.23,0.166,0.001,0.0,0.0,0.0,2.0,0.0,0.0,4.0,0.024,0.0,0.0,0.0,0.162,0.0,0.0,8.0,0.0,0.0,1.7120000000000002,0.002,0.001,0.0
2016-03-21,0.0,0.008,0.0,0.0,0.0,0.0,0.0,0.716,1.716,272.0,0.62,0.0,0.0,0.0,0.0,0.87,0.5379999999999999,0.0,0.0,0.0,0.0,0.0,0.0,0.228,0.0,0.19,0.0,0.0,0.0,0.0,0.0,0.0,0.0,0.204,0.0,1.0,0.0,0.0,0.0,0.0,0.0,0.184,10.0,2.0,0.0,0.0,0.0,0.06,0.0,0.0,0.001,0.0,0.0,1.25,0.002,12.0,0.0
2016-03-22,0.0,0.27,0.0,1.148,1.666,0.0,0.01,0.292,0.0,0.266,0.172,0.0,0.0,0.0,0.0,1.046,0.0,0.0,0.8640000000000001,1.05,0.0,0.0,0.0,0.0,0.0,0.0,0.0,0.0,0.0,0.0,0.0,0.0,0.0,1.0,0.0,0.003,0.0,0.0,0.0,0.0,0.244,0.0,5.0,0.004,0.0,0.0,0.0,0.292,0.0,0.0,0.001,0.0,308.0,0.39399999999999996,0.0,12.0,0.0
2016-03-23,0.0,1.9179999999999997,1.226,2.13,1.348,0.0,0.0,2.536,1.34,0.0,0.015,0.0,0.001,0.0,0.0,6.574,0.682,0.0,0.97,0.0,0.0,0.386,0.0,0.302,0.0,0.0,0.0,0.0,0.0,0.0,0.0,0.0,0.0,1.0,0.11199999999999999,1.0,0.0,0.0,0.0,1.508,0.0,0.0,2.0,2.0,0.0,0.0,0.0,0.39799999999999996,0.0,0.42200000000000004,0.0,0.0,0.0,0.0,0.001,12.0,0.0
2016-03-24,0.0,1.002,1.0659999999999998,0.0,0.0,0.0,0.0,1.214,0.878,0.0,0.5660000000000001,0.0,0.364,0.0,0.0,1.328,0.0,0.0,0.7,0.0,0.0,0.0,0.0,0.0,0.0,0.0,0.0,0.13,0.0,0.0,0.0,0.0,0.0,1.0,0.0,0.0,0.0,0.0,0.0,0.0,0.0,0.0,5.0,8.0,0.0,0.0,0.0,0.0,0.0,0.0,0.0,0.0,0.0,0.0,0.0,0.001,0.0
2016-03-25,0.0,1.358,0.0,0.46,1.092,0.932,0.009000000000000001,0.188,0.03,0.0,0.27,0.0,0.21,0.0,0.0,0.0,0.0,0.0,0.0,0.0,0.0,0.0,0.0,0.23,0.19,0.0,0.0,0.0,0.0,0.0,0.0,0.0,0.0,1.0,0.142,0.22399999999999998,0.0,0.0,0.0,0.0,0.0,0.0,1.067,0.022000000000000002,0.16,0.0,0.0,0.35200000000000004,0.0,0.0,0.0,0.0,0.0,0.0,0.0,0.008,0.0
2016-03-26,1.0,0.578,0.8859999999999999,0.0,1.5319999999999998,0.0,0.0,0.268,0.0,0.0,0.0,0.0,0.252,0.0,0.0,0.0,0.0,0.0,0.96,0.0,0.0,1.006,0.0,0.0,0.0,0.0,0.0,0.0,0.0,0.0,0.0,0.0,0.0,1.0,0.29600000000000004,0.002,0.0,0.0,0.0,0.0,0.0,0.0,0.0,0.002,0.0,0.0,0.0,0.278,0.0,0.0,8.0,0.0,0.0,0.0,0.001,0.29,0.0
2016-03-27,0.0,2.216,0.0,0.0,5.734,0.0,0.0,0.878,0.512,0.294,0.92,0.0,0.196,0.696,0.0,0.0,0.0,0.0,0.0,0.0,0.0,0.0,0.0,0.0,0.0,0.0,0.0,0.184,0.0,0.0,0.0,0.0,0.0,1.0,0.0,0.002,0.0,0.0,0.0,0.0,0.0,0.0,6.0,2.083,0.0,0.0,0.0,0.086,0.0,0.326,0.006,0.0,0.0,0.204,0.202,0.002,0.0
2016-03-28,0.0,0.496,0.0,0.0,3.76,0.0,0.0,0.51,0.184,0.0,0.0,0.0,0.0,0.0,0.37,0.0,0.0,0.0,0.0,0.0,0.0,0.0,0.0,0.0,0.126,0.0,0.0,0.0,0.0,0.0,0.0,0.0,0.0,1.0,0.0,0.001,0.0,0.0,0.0,0.0,0.0,0.0,4.0,0.0,0.0,0.0,0.0,0.0,0.0,0.0,0.0,0.0,0.0,0.0,0.0,0.2,0.0
2016-03-29,0.0,0.609,2.158,0.596,0.396,0.0,0.0,0.504,0.518,0.486,0.292,0.0,0.0,0.632,0.804,0.009000000000000001,0.0,15.0,0.0,0.0,0.0,0.0,1.062,0.0,0.0,0.6559999999999999,0.0,0.0,0.0,0.0,0.0,0.0,0.0,1.0,0.0,0.35,0.0,0.0,0.0,0.0,0.0,0.0,0.0,16.0,0.0,0.0,0.0,0.23399999999999999,0.0,0.0,0.001,0.0,0.0,0.18,0.174,1.0,0.0
2016-03-30,0.0,0.001,0.9420000000000001,0.0,0.64,0.0,0.0,1.234,1.1079999999999999,0.0,0.001,0.0,0.5760000000000001,0.0,0.0,0.0,0.134,0.0,0.0,0.0,0.0,0.336,0.0,0.0,0.0,1.342,0.0,0.0,0.0,0.0,0.0,0.0,0.0,15.0,0.0,0.001,0.0,0.0,0.0,0.0,0.0,0.0,0.0,0.0,0.0,0.0,0.0,4.375,0.0,0.122,0.0,0.0,0.0,0.89,0.0,0.0,0.0
2016-03-31,0.0,0.0,1.442,0.0,0.462,0.0,0.0,3.226,0.364,0.648,0.87,0.0,2.3760000000000003,0.0,0.0,0.632,0.0,0.0,0.0,0.0,0.0,0.294,0.0,0.44799999999999995,0.0,0.0,0.0,0.0,0.0,0.0,0.0,0.0,0.0,1.0,0.166,0.002,0.0,0.0,0.0,0.0,0.0,7.0,0.0,0.0,0.48200000000000004,0.0,0.0,0.0,0.0,0.0,0.0,0.0,0.0,0.0,0.186,0.001,0.0
2016-04-01,2.0,2.16,0.0,0.0,2.736,0.0,0.188,1.794,1.0979999999999999,0.0,0.58,0.0,0.7659999999999999,0.0,0.0,0.82,0.0,0.0,0.0,0.0,0.0,0.0,0.484,1.1880000000000002,0.0,0.7040000000000001,0.0,0.0,0.0,0.0,0.0,0.0,0.0,1.0,1.0,0.0,0.0,0.0,0.0,0.0,0.0,2.0,0.0,0.005,0.0,0.0,0.0,7.0,0.0,0.0,0.002,0.0,0.0,2.5,0.0,0.15,0.0
2016-04-02,0.0,0.914,1.014,0.38799999999999996,0.536,0.282,0.0,0.001,0.25,0.5539999999999999,0.244,0.0,0.6940000000000001,0.0,0.534,2.6460000000000004,0.0,0.0,0.0,0.0,0.0,1.172,0.0,1.024,0.0,0.0,0.0,0.0,0.0,0.0,0.0,0.0,0.0,1.0,0.136,0.001,0.304,0.0,0.0,0.0,0.0,0.2,0.0,0.0,0.0,0.0,0.0,0.162,0.0,0.28,0.001,0.0,0.0,0.308,0.154,0.281,0.0
2016-04-03,2.0,0.0,1.592,2.838,0.0,0.001,0.0,0.54,0.7659999999999999,0.168,0.172,0.0,0.434,0.39399999999999996,0.0,1.446,0.0,0.0,0.0,0.0,0.0,0.0,0.0,0.488,0.0,0.0,0.0,0.064,0.0,0.0,0.0,0.0,0.0,30.0,0.736,0.252,0.0,0.0,0.0,0.0,0.204,0.0,10.0,0.004,0.0,0.0,0.0,0.062,0.0,0.0,0.001,0.0,0.0,0.8759999999999999,0.094,2.0,0.0
2016-04-04,1.0,0.408,0.0,0.562,0.0,0.0,0.0,0.564,0.005,0.0,0.0,0.0,0.308,0.0,0.0,0.39399999999999996,0.33799999999999997,0.0,0.0,0.0,0.0,0.0,0.0,0.0,0.0,0.0,0.0,0.0,0.0,0.0,0.0,0.0,0.0,1.0,0.0,0.002,0.24,0.0,0.0,0.0,0.0,2.0,0.0,2.105,0.0,0.0,0.0,0.11199999999999999,0.0,0.0,0.0,0.0,0.0,0.398,0.07,0.26,0.0
2016-04-05,0.0,1.1740000000000002,1.468,0.001,2.844,0.0,0.0,0.326,0.754,0.0,0.318,0.0,0.546,0.0,0.0,0.0,0.0,0.0,0.6659999999999999,0.0,0.0,0.0,0.0,0.0,0.0,0.462,0.0,0.0,0.0,0.0,0.0,0.0,0.086,30.0,0.0,0.002,0.0,0.0,0.0,0.0,0.0,0.3,1.067,28.0,0.0,0.0,0.0,0.75,0.0,0.904,0.006,0.0,0.0,0.24,0.094,17.0,0.0
2016-04-06,0.0,1.08,0.0,0.001,2.004,0.0,0.0,1.39,0.604,0.0,0.0,0.0,0.56,0.0,0.0,0.0,0.0,0.0,0.0,0.0,0.0,0.0,0.0,0.0,0.0,0.0,0.0,0.0,0.0,0.0,0.0,0.0,0.0,11.0,0.0,0.001,0.0,0.0,0.0,0.0,0.0,0.23399999999999999,0.0,0.0,0.0,0.0,0.0,1.25,0.0,0.0,0.504,0.0,0.0,0.0,0.0,12.0,0.0
2016-04-07,0.0,0.7140000000000001,0.66,0.0,2.322,0.0,0.0,1.6139999999999999,0.322,0.306,0.001,0.0,0.0,0.36200000000000004,0.342,0.0,0.0,0.0,0.0,0.0,0.0,0.0,0.0,0.0,0.302,0.0,0.0,0.0,0.0,0.0,0.0,0.0,0.0,11.0,0.0,0.0,0.0,0.0,0.0,0.0,0.0,0.226,0.0,0.004,0.0,0.0,0.0,1.5,0.0,0.0,0.0,0.0,0.0,0.0,0.004,3.9990000000000006,0.0
2016-04-08,0.0,1.028,0.0,0.0,4.938000000000001,1.3780000000000001,0.0,0.8959999999999999,0.0,0.0,0.616,0.0,0.414,0.0,0.0,1.36,0.0,0.0,0.0,0.0,0.622,0.73,0.0,0.444,0.0,0.0,0.0,0.0,0.0,0.0,0.0,0.0,0.094,1.0,0.0,0.0,0.0,0.0,0.0,0.0,0.0,0.6000000000000001,2.0,0.0,0.0,0.0,0.0,1.25,0.0,0.784,0.0,0.0,0.0,0.0,0.0,0.006,0.0
2016-04-09,0.0,1.1420000000000001,0.782,1.766,0.0,0.0,0.0,0.348,0.0,0.0,0.996,0.5720000000000001,0.0,0.0,0.39799999999999996,1.4780000000000002,0.0,0.0,0.0,0.0,0.0,0.0,0.0,0.0,0.0,0.0,0.0,0.0,0.0,0.0,0.0,0.0,0.0,1.0,0.0,0.0,0.0,0.0,0.0,0.0,0.0,0.0,0.0,5.0,0.0,0.0,0.0,0.098,0.0,0.0,0.0,0.0,0.0,0.0,0.001,24.0,0.0
2016-04-10,0.0,1.446,0.0,0.0,2.474,0.0,0.0,0.872,1.324,0.0,0.0,0.0,0.38799999999999996,0.0,0.0,0.0,0.0,0.0,4.684,0.0,0.0,0.0,0.0,0.718,0.0,0.0,0.0,0.0,0.0,0.0,0.0,0.0,0.0,10.0,0.0,0.602,0.0,0.0,0.0,0.0,0.0,0.0,0.0,0.003,0.0,0.0,0.0,2.25,0.0,0.0,0.002,0.0,206.0,1.25,0.001,26.0,0.0
2016-04-11,0.0,1.462,0.0,0.0,0.0,0.0,0.0,0.39399999999999996,0.0,0.086,0.0,0.0,0.0,0.0,0.0,0.0,0.0,0.0,0.0,0.0,0.0,0.0,0.0,0.8420000000000001,0.0,0.0,0.0,0.0,0.0,0.0,0.0,0.0,0.0,2.0,0.14800000000000002,0.0,0.0,0.0,0.0,0.0,0.0,0.3,2.0,0.0,0.0,0.0,0.0,0.25,0.0,0.0,0.001,0.0,0.0,0.42200000000000004,0.001,7.0,0.0
2016-04-12,1.0,0.0,0.8079999999999999,0.852,3.668,0.0,0.0,0.716,0.005,0.0,0.0,0.0,0.23,0.0,0.0,1.1929999999999998,0.0,0.0,0.0,0.0,0.0,0.0,0.59,0.278,0.282,0.0,0.0,0.0,0.0,0.0,0.0,0.054000000000000006,0.0,50.0,0.72,0.001,0.0,0.0,0.0,0.0,0.0,0.14400000000000002,2.0,0.0,0.0,0.0,0.0,2.25,0.0,0.43799999999999994,0.001,0.0,0.0,0.5760000000000001,0.001,1.0,0.0
2016-04-13,0.0,0.8650000000000001,0.001,1.83,1.082,0.0,0.0,1.2680000000000002,0.718,0.0,0.0,0.0,0.0,0.0,0.0,0.0,0.0,0.0,2.568,0.0,0.0,0.42200000000000004,0.39,0.0,0.0,0.0,0.0,0.0,0.0,0.0,0.0,0.055999999999999994,0.0,5.0,0.0,0.001,0.0,0.0,0.0,0.0,0.0,2.0,0.0,0.001,0.0,0.0,0.0,1.375,0.0,0.0,0.0,0.0,0.0,0.0,0.0,0.0,0.0
2016-04-14,0.0,3.5300000000000002,0.0,0.614,2.5060000000000002,0.0,0.0,1.5259999999999998,2.044,0.23,0.0,0.0,0.37799999999999995,0.0,0.29,0.0,0.0,0.0,0.0,0.46799999999999997,0.0,0.0,0.0,0.9,0.0,0.0,0.0,0.0,0.0,0.0,0.0,0.0,0.0,20.0,0.262,0.0,0.0,0.0,0.0,0.0,0.0,3.2,4.0,4.0,0.0,0.0,0.0,0.41600000000000004,0.0,0.0,0.442,0.0,604.0,0.158,0.0,0.001,0.0
2016-04-15,1.0,0.86,0.0,1.368,0.96,0.0,0.0,0.6579999999999999,0.0,0.0,0.0,0.0,0.001,0.0,0.0,0.0,0.0,0.0,0.0,0.0,0.0,0.0,0.0,0.0,0.0,0.568,0.0,0.0,0.0,0.0,0.0,0.0,0.0,40.0,0.0,1.0,0.0,0.0,0.0,0.0,0.0,0.27,0.0,32.292,0.0,0.0,0.0,0.068,0.0,0.32799999999999996,0.001,0.0,0.0,1.25,0.002,5.0,0.0
2016-04-16,2.0,0.28800000000000003,0.0,0.0,1.05,0.0,0.0,0.7959999999999999,0.6859999999999999,0.001,0.322,0.0,0.001,0.0,0.342,0.258,0.0,0.0,0.0,0.0,0.0,0.0,0.0,1.02,0.0,0.696,0.0,0.0,0.0,0.374,0.0,0.0,0.0,1.0,0.222,0.308,0.0,0.0,0.0,0.0,0.24,0.44400000000000006,4.0,0.011,0.0,0.0,0.0,292.0,0.0,0.0,0.002,0.0,0.0,0.576,0.001,0.261,0.0
2016-04-17,1.0,0.496,0.0,0.0,4.91,0.0,0.0,1.736,0.892,0.41600000000000004,0.402,0.0,0.298,0.0,0.494,0.406,0.0,0.0,1.974,0.67,0.0,0.6779999999999999,0.804,0.0,0.0,0.0,0.0,0.066,0.0,0.0,0.0,0.0,0.0,1.0,0.46,0.254,0.0,0.0,0.0,0.0,0.0,0.2,0.0,0.43800000000000006,0.0,0.0,0.504,0.348,0.0,0.29,0.012,0.0,0.0,0.342,0.001,0.596,0.0
2016-04-18,0.0,1.1179999999999999,0.0,1.044,0.434,0.0,0.0,0.82,0.0,0.0,0.75,0.0,0.596,0.0,0.4,0.0,0.278,0.0,0.0,0.0,0.0,0.0,0.0,0.0,0.0,0.0,0.0,0.0,0.0,0.0,0.0,0.0,0.0,10.0,0.0,0.384,0.0,0.0,0.0,0.0,0.0,0.0,1.067,4.0,0.0,0.0,0.0,2.25,0.0,0.0,0.001,0.0,0.0,0.0,0.001,12.0,0.0
2016-04-19,1.0,0.0,0.0,1.094,1.85,0.0,0.0,1.452,0.294,0.532,0.146,0.0,0.502,0.0,0.0,0.336,0.0,0.0,0.872,0.0,0.0,0.0,0.0,0.20800000000000002,0.0,0.0,0.46799999999999997,0.0,0.0,0.0,0.0,0.0,0.0,1.0,0.184,0.001,0.0,0.0,0.0,0.0,0.312,0.20600000000000002,0.0,0.005,0.0,0.0,0.0,0.029,0.0,0.0,0.272,0.0,0.0,0.18600000000000003,0.0,12.0,0.0
2016-04-20,0.0,0.84,0.0,0.802,0.8240000000000001,0.0,0.0,2.274,1.778,0.0,0.446,0.0,0.10800000000000001,0.0,0.792,0.0,0.0,0.0,0.0,0.0,0.0,0.0,0.0,0.36,0.0,0.0,0.0,0.0,0.0,0.0,0.0,0.0,0.0,0.8340000000000001,0.0,0.0,0.0,0.0,0.0,0.0,0.0,0.124,0.0,0.001,0.0,0.0,0.0,0.17800000000000002,0.0,0.0,0.001,0.0,0.0,0.11599999999999999,0.0,0.0,0.0
2016-04-21,0.0,0.82,0.0,0.59,0.0,0.0,0.0,1.02,0.53,0.0,0.428,0.0,0.326,0.0,0.0,0.0,0.0,0.0,3.1860000000000004,0.0,0.0,0.0,0.0,0.61,0.0,0.0,0.0,0.0,0.0,0.0,0.0,0.0,0.0,0.43,0.0,0.0,0.0,0.0,0.0,0.0,0.24,2.2,2.0,0.015,0.0,0.0,0.0,0.10400000000000001,0.0,0.0,0.0,0.0,0.0,0.498,0.08,0.612,0.0
2016-04-22,0.0,0.41600000000000004,0.0,0.83,0.0,0.0,0.0,1.738,1.122,0.0,0.0,0.0,0.15,0.0,0.0,0.0,0.0,0.0,0.0,0.0,0.0,0.0,0.0,0.256,0.0,0.522,0.0,0.36,0.0,0.0,0.0,0.0,0.0,1.0,0.0,0.002,0.0,0.0,0.0,0.0,0.0,2.2,2.0,0.0,0.0,0.0,0.0,0.75,0.0,0.0,0.0,0.0,0.0,0.648,0.0,0.001,0.0
2016-04-23,1.0,1.226,0.0,1.8619999999999999,1.516,0.0,0.0,1.13,0.42200000000000004,0.0,0.0,0.0,0.0,0.0,0.0,0.0,0.0,0.0,3.754,0.0,0.0,0.0,0.0,0.0,0.0,0.0,0.0,0.0,0.0,0.0,0.0,0.0,0.0,10.0,0.306,0.496,0.0,0.0,0.0,0.0,0.0,0.2,0.0,0.002,0.0,0.0,0.0,0.648,0.0,1.41,0.002,0.0,0.0,0.0,0.001,1.0,0.0
2016-04-24,0.0,1.4680000000000002,0.0,1.784,2.38,0.0,0.0,3.044,0.0,0.268,0.244,0.0,0.27,0.0,0.0,0.0,0.0,0.0,0.7140000000000001,0.0,0.0,0.0,0.0,0.168,0.0,0.0,0.0,0.0,0.0,0.0,0.0,0.0,0.0,20.0,0.0,0.002,0.0,0.0,0.0,0.0,0.0,0.0,3.0,0.0,0.0,0.0,0.0,0.7340000000000001,0.0,0.26,0.0,0.0,0.0,0.0,0.0,0.0,0.0
2016-04-25,0.0,1.518,0.0,0.0,0.612,0.0,0.0,1.324,0.0,0.268,0.22,0.0,0.0,0.0,0.0,0.0,0.0,0.0,0.6,0.88,0.0,0.0,0.0,0.0,0.0,0.0,0.0,0.0,0.0,0.0,0.0,0.0,0.0,0.0,0.0,0.456,0.0,0.0,0.0,0.0,0.0,0.2,0.9159999999999999,0.006,0.0,0.0,0.0,0.39399999999999996,0.0,0.0,0.0,0.0,0.0,0.0,0.001,0.0,0.0
2016-04-26,0.0,0.514,0.0,0.001,0.0,0.0,0.0,2.452,0.0,0.0,0.001,0.0,0.14800000000000002,0.0,0.0,0.0,0.0,0.0,1.982,0.0,0.0,0.0,0.0,0.0,0.0,0.0,0.0,0.0,0.0,0.0,0.0,0.0,0.0,0.002,0.15,0.001,0.0,0.0,0.0,0.0,0.0,2.0,0.0,0.0,0.0,0.0,0.0,2.5,0.0,0.322,0.001,0.0,0.0,0.0,0.001,1.0,0.0
2016-04-27,0.0,1.104,0.342,0.0,2.928,0.0,0.0,0.9359999999999999,0.0,0.0,0.636,0.0,0.6819999999999999,0.0,0.0,0.0,0.0,0.0,0.0,0.0,0.0,0.0,0.0,0.316,0.0,0.0,0.0,0.0,0.0,0.0,0.0,0.0,0.0,1.0,0.338,0.001,0.0,0.0,0.0,0.0,0.0,4.0,4.0,0.021,0.0,0.0,0.0,2.125,0.0,0.242,0.0,0.0,560.0,5.0,0.0,0.0,0.0
2016-04-28,0.0,1.5939999999999999,0.0,3.432,2.712,0.0,0.001,0.738,0.28800000000000003,0.368,0.368,0.0,0.402,0.0,0.0,0.9420000000000001,0.0,0.0,3.0779999999999994,0.0,0.0,0.166,0.0,0.43200000000000005,0.0,0.0,0.0,0.0,0.0,0.0,0.0,0.0,0.0,50.0,0.1,0.001,0.0,0.0,0.0,0.0,0.0,0.0,0.0,0.0,0.0,0.0,0.0,0.001,0.0,0.0,0.006,0.0,0.0,0.156,0.0,12.0,0.0
2016-04-29,1.0,1.21,1.1540000000000001,1.6340000000000001,0.66,0.0,0.0,0.5479999999999999,0.912,0.09,0.452,0.0,0.528,0.0,0.0,0.0,0.0,0.0,1.858,0.0,0.0,0.0,0.0,0.406,0.0,0.506,0.0,0.0,0.0,0.0,0.0,0.0,0.0,1.0,0.0,1.068,0.0,0.0,0.0,0.0,0.0,0.001,0.332,1.5,0.0,0.0,0.0,0.268,0.0,0.486,0.0,0.0,672.0,0.22,0.0,0.008,0.0
2016-04-30,0.0,1.922,0.0,0.784,1.328,0.0,0.0,1.3639999999999999,0.7979999999999999,0.0,0.31,0.0,0.0,0.0,0.0,0.0,0.0,0.0,2.18,0.0,0.0,0.0,0.0,0.0,0.0,0.0,0.0,0.0,0.0,0.364,0.0,0.0,0.0,60.0,0.0,0.0,0.0,0.0,0.0,0.0,0.0,2.0,0.0,8.0,0.0,0.0,0.0,0.958,0.0,0.0,0.002,0.0,0.0,0.0,0.0,0.0,0.0
2016-05-01,0.0,0.001,0.0,0.922,1.514,1.004,0.0,0.76,0.644,0.0,0.20199999999999999,0.0,0.055999999999999994,0.0,0.0,0.0,0.0,0.0,1.044,0.0,0.0,0.0,0.0,0.0,0.0,0.0,0.0,0.0,0.0,0.0,0.0,0.0,0.055999999999999994,0.55,0.5980000000000001,0.0,0.0,0.0,0.0,0.0,0.0,2.5999999999999996,0.0,1.5,0.0,0.0,0.0,0.10400000000000001,0.0,0.586,0.001,0.0,294.0,0.248,0.08199999999999999,2.0,0.0
2016-05-02,0.0,1.562,0.0,0.83,0.816,0.0,0.0,0.818,0.706,0.0,0.21,0.0,0.0,0.0,0.0,0.0,0.0,0.0,1.47,0.0,0.0,0.0,0.0,0.0,0.0,0.0,0.0,0.0,0.0,0.0,0.0,0.0,0.0,1.0,0.22,0.001,0.0,0.0,0.0,0.0,0.0,0.0,3.0,4.0,0.0,0.0,0.0,1.0,0.0,0.0,0.003,0.0,0.0,0.93,0.0,1.0,0.0
2016-05-03,0.0,2.694,0.0,0.0,1.508,0.0,0.0,0.696,0.0,0.34,0.29600000000000004,0.0,0.46199999999999997,0.0,0.0,0.0,0.0,0.0,0.366,0.0,0.0,0.39399999999999996,0.0,0.462,0.0,0.0,0.0,0.0,0.0,0.0,0.0,0.0,0.0,1.0,0.27399999999999997,1.432,0.0,0.0,0.0,0.0,0.0,2.0,0.0,0.0,0.0,0.0,0.0,0.106,0.0,0.182,0.001,0.0,0.0,0.0,0.07200000000000001,1.0,0.0
2016-05-04,1.0,1.656,0.0,0.638,4.536,0.0,0.0,0.638,0.0,0.0,0.44,0.0,0.07,0.0,0.0,0.0,0.0,0.0,0.0,0.0,0.0,0.508,0.0,0.16399999999999998,0.0,0.782,0.0,0.0,0.0,0.0,0.0,0.0,0.0,1.0,0.398,0.002,0.0,0.0,0.0,0.0,0.0,0.4,2.0,0.0,0.23199999999999998,0.0,0.0,0.29,0.0,0.42200000000000004,0.0,0.0,0.0,1.6019999999999999,0.001,1.0,0.0
2016-05-05,0.0,1.11,0.0,0.001,1.226,1.526,0.0,0.34600000000000003,0.0,0.0,0.0,0.0,0.43,0.0,0.0,0.0,0.0,0.0,1.982,1.036,0.0,0.0,0.0,0.0,0.0,0.0,0.486,0.084,0.0,0.0,0.0,0.0,0.0,2.0,0.0,0.001,0.0,0.0,0.0,0.0,0.0,0.182,0.0,6.2490000000000006,0.0,0.0,0.0,0.0,0.0,0.0,0.0,0.0,0.0,0.0,0.001,1.0,0.0
2016-05-06,1.0,0.604,0.0,1.8619999999999999,1.62,0.0,0.0,0.52,0.602,0.0,0.0,0.0,0.218,0.0,0.0,0.001,0.0,0.0,3.878,0.446,0.0,0.0,0.0,0.424,0.0,1.294,0.0,0.0,0.0,0.0,0.0,0.0,0.0,1.0,0.0,0.0,0.0,0.0,0.0,0.0,0.0,4.2,0.0,24.292,0.0,0.0,0.0,0.06,0.0,0.0,0.34600000000000003,0.0,0.0,0.0,0.0,5.0,0.0
2016-05-07,0.0,3.712,0.0,2.7680000000000002,1.442,0.0,0.0,1.7760000000000002,0.8320000000000001,0.0,0.39399999999999996,0.0,0.312,0.0,0.0,2.224,0.0,0.0,1.386,0.8240000000000001,0.0,0.49,0.0,0.0,0.0,0.58,0.0,0.0,0.0,0.0,0.0,0.0,0.094,1.0,0.0,0.001,0.0,0.0,0.0,1.508,0.0,3.0,2.0,0.01,0.0,0.0,0.0,4.0,0.0,0.0,0.002,0.0,330.0,0.28800000000000003,0.0,31.0,0.0
2016-05-08,1.0,0.924,0.0,2.85,1.34,0.0,0.0,0.001,0.0,0.40399999999999997,0.0,0.0,0.0,0.0,0.20800000000000002,0.0,0.0,0.0,0.0,0.0,0.0,0.0,0.0,0.0,0.0,0.0,0.06,0.0,0.0,0.0,0.0,0.0,0.0,10.0,0.0,1.65,0.0,0.0,0.0,0.0,0.0,0.2,0.0,0.0,0.0,1.046,0.0,0.226,0.0,0.66,0.001,0.0,0.0,0.672,0.09,1.0,0.0
2016-05-09,0.0,1.8159999999999998,0.0,2.3680000000000003,1.256,0.0,0.0,0.41,0.0,0.09,0.306,0.0,0.6,0.0,0.0,0.11599999999999999,0.0,0.0,0.0,0.0,0.0,0.282,0.001,0.0,0.0,0.0,0.0,0.0,0.0,0.0,0.0,0.0,0.0,10.0,0.18600000000000003,0.0,0.0,0.0,0.0,0.0,0.0,0.17,0.0,0.008,0.41,0.0,0.0,4.0,0.0,0.128,0.001,0.0,0.0,0.47,0.0,0.522,0.0
2016-05-10,0.0,0.74,0.0,0.0,0.0,0.0,0.0,0.0,0.0,0.0,0.0,0.0,0.0,0.0,0.0,0.0,0.0,0.0,0.0,0.0,0.0,0.0,0.0,0.0,0.0,0.0,0.0,0.0,0.0,0.0,0.0,0.0,0.0,10.0,0.0,0.003,0.0,0.0,0.0,0.0,0.0,0.11199999999999999,10.0,0.002,0.0,0.0,0.0,1.0,0.0,0.0,0.001,0.0,0.0,12.0,0.0,0.294,0.0
2016-05-11,1.0,0.742,0.0,5.776,1.242,0.0,0.0,0.306,0.0,0.0,0.228,0.0,0.092,0.0,0.0,1.0979999999999999,0.0,0.0,0.6679999999999999,0.534,0.0,0.51,0.002,0.0,0.204,0.528,0.0,0.0,0.0,0.0,0.0,0.0,0.0,1.0,0.158,0.001,0.0,0.0,0.0,0.0,0.0,0.6,2.0,3.0,0.0,0.0,0.0,0.38799999999999996,0.0,0.552,0.001,0.0,350.0,0.16399999999999998,0.0,2.6660000000000004,0.0
2016-05-12,0.0,0.848,0.0,1.402,0.868,0.0,0.0,1.004,0.248,0.0,0.424,0.0,0.0,0.0,0.001,0.0,0.0,0.0,0.0,0.0,0.0,0.758,0.0,0.0,0.0,0.0,0.0,0.0,0.0,0.0,0.0,0.0,0.0,30.0,0.276,0.001,0.0,0.0,0.0,0.0,0.0,0.2,2.0,0.004,0.302,0.0,0.0,124.0,0.0,0.0,0.001,0.0,256.0,0.604,408.0,0.337,0.0
2016-05-13,1.0,1.73,0.0,1.77,0.0,0.0,0.0,0.386,0.324,0.0,0.0,0.0,0.0,0.0,0.0,1.84,0.0,0.0,0.0,0.0,0.0,0.0,0.001,0.0,0.0,0.6459999999999999,0.0,0.0,0.0,0.0,0.0,0.0,0.0,1.0,0.0,0.001,0.0,0.0,0.0,0.0,0.0,2.2,0.254,0.0,0.114,0.0,0.0,0.402,0.0,0.0,0.0,0.0,0.0,5.0,0.001,0.006,0.0
2016-05-14,0.0,3.0860000000000003,0.0,2.87,4.502000000000001,0.0,0.0,0.5479999999999999,0.36200000000000004,0.252,0.0,0.0,0.292,0.0,0.0,2.088,0.0,0.0,2.09,0.0,0.0,1.044,0.0,1.1420000000000001,0.0,0.518,0.0,0.0,0.0,0.0,0.0,0.0,0.054000000000000006,1.0,0.23,0.002,0.0,0.0,0.0,0.0,0.0,0.81,0.0,0.0,0.11,0.0,0.0,4.0,0.0,0.298,0.012,0.0,0.0,0.304,0.0,1.0,0.0
2016-05-15,1.0,2.164,0.0,1.4140000000000001,3.988,0.0,0.0,0.542,1.012,0.41600000000000004,1.496,0.0,0.968,0.0,0.0,0.13,0.0,0.0,2.758,0.0,0.386,0.0,0.0,0.0,0.0,0.0,0.0,0.122,0.0,1.302,0.0,0.0,0.0,10.0,0.248,0.002,0.0,0.0,0.0,0.0,0.0,6.2,0.132,4.292,0.29600000000000004,0.0,0.0,0.28,0.0,0.204,0.0,0.0,0.0,0.28600000000000003,0.003,0.6519999999999999,0.0
2016-05-16,1.0,1.146,0.0,1.28,3.048,0.0,0.0,1.472,0.0,0.0,0.0,0.0,0.25,0.0,0.001,0.7,0.0,0.0,0.0,0.0,0.0,0.0,0.0,0.0,0.0,0.0,0.0,0.0,0.0,0.0,0.0,0.0,0.0,1.0,0.20800000000000002,0.0,0.0,0.0,0.0,0.0,0.28800000000000003,2.0,0.0,5.0,0.0,0.0,0.0,0.51,0.0,0.0,0.0,0.0,0.0,0.0,0.0,1.0,0.0
2016-05-17,0.0,0.0,0.0,4.1499999999999995,0.466,0.0,0.0,0.98,0.0,0.0,0.0,0.0,0.406,0.0,0.0,1.354,0.0,0.0,3.384,0.0,0.0,0.43,0.23,0.28600000000000003,0.0,0.0,0.0,0.0,0.0,0.0,0.0,0.0,0.0,0.0,0.0,0.002,0.0,0.0,0.0,0.0,0.0,0.0,2.0,0.0,0.0,0.0,0.0,0.188,0.0,0.11800000000000001,0.001,0.0,0.0,0.304,0.0,0.014,0.0
2016-05-18,0.0,0.414,0.0,1.422,3.416,0.0,0.0,2.13,1.3880000000000001,0.0,0.0,0.0,0.326,0.0,0.0,0.0,0.0,0.0,5.3260000000000005,0.0,0.0,0.0,0.0,0.0,0.0,0.48,0.0,0.0,0.0,0.0,0.0,0.0,0.0,1.0,0.0,0.43799999999999994,0.0,0.0,0.0,0.0,0.0,2.0,0.0,0.292,0.0,0.0,0.0,1.0,0.0,0.38,0.46399999999999997,0.0,0.0,5.0,0.0,0.002,0.0
2016-05-19,0.0,0.608,0.0,1.07,1.696,0.0,0.0,0.0,0.0,0.0,0.0,0.0,0.0,0.0,0.0,0.0,0.0,0.0,0.0,0.0,0.0,0.58,0.0,0.23,0.0,0.0,0.0,0.0,0.0,0.0,0.0,0.0,0.1,1.0,0.0,0.878,0.0,0.0,0.0,0.0,0.0,2.2,4.0,0.0,0.0,0.0,0.0,1.25,0.0,0.0,0.003,0.0,0.0,0.0,0.0,1.0,0.0
2016-05-20,1.0,1.16,0.0,1.03,1.64,0.0,0.0,1.004,0.0,0.0,0.74,0.0,0.0,0.0,0.0,2.074,0.0,0.0,5.792000000000001,0.0,0.0,0.0,0.0,0.0,0.0,0.0,0.0,0.066,0.0,0.0,0.0,0.0,0.0,1.0,0.0,0.001,0.0,0.0,0.0,0.0,0.0,4.0,0.0,24.0,0.0,0.0,0.0,3.0,0.0,0.0,0.0,0.0,424.0,0.442,0.1,12.0,0.0
2016-05-21,0.0,0.76,0.0,2.8819999999999997,3.872,0.001,0.0,0.504,0.782,0.0,0.5720000000000001,0.0,0.47200000000000003,0.0,0.001,0.0,0.0,0.0,0.746,0.0,0.0,0.9159999999999999,0.0,0.546,0.0,0.5720000000000001,0.0,0.0,0.0,0.0,4.0,0.08800000000000001,0.0,20.0,0.39399999999999996,0.002,0.0,0.0,0.0,0.0,0.0,4.4,1.0,0.0,0.0,0.0,0.0,1.058,0.308,0.25,0.006,0.0,0.0,0.0,0.001,1.0,0.0
2016-05-22,2.0,0.602,0.0,0.0,1.06,0.0,0.0,0.982,1.3219999999999998,0.15,0.0,0.0,0.25,0.0,0.0,0.0,392.0,0.0,15.97,0.386,0.0,0.6659999999999999,0.0,0.35200000000000004,0.0,0.0,0.0,0.092,0.0,0.0,0.0,0.0,0.0,1.0,0.0,0.272,0.0,0.0,0.0,0.0,0.0,0.0,0.0,1.5,0.0,0.0,0.0,0.24600000000000002,0.0,0.528,0.006,0.0,848.0,0.138,0.064,1.0,0.0
2016-05-23,0.0,0.8220000000000001,0.0,2.4859999999999998,0.764,0.0,0.0,1.06,0.344,0.0,0.0,0.0,0.536,0.0,0.0,2.96,0.0,0.0,0.0,0.0,0.0,0.0,0.001,0.0,0.0,0.0,0.0,0.0,0.0,0.0,0.0,0.0,0.0,1.0,0.08800000000000001,0.726,0.0,0.0,0.0,0.0,0.0,0.2,0.0,1.579,0.0,0.0,0.0,2.0,0.0,0.0,0.0,0.0,0.0,0.154,0.0,19.0,0.0
2016-05-24,1.0,1.712,0.0,0.0,0.354,0.0,0.0,0.0,0.0,0.0,0.0,0.0,0.196,0.0,0.0,0.31,0.0,0.0,0.0,0.0,0.0,0.0,0.0,0.0,0.0,0.3,0.0,0.0,0.0,0.0,0.0,0.0,0.0,1.0,0.42200000000000004,0.004,0.0,0.0,0.0,0.0,0.0,0.46799999999999997,0.0,0.001,0.0,0.0,0.0,2.0,0.0,0.0,0.002,0.0,0.0,0.35600000000000004,0.001,0.001,0.0
2016-05-25,0.0,1.572,0.0,0.0,1.31,0.0,0.0,0.516,1.03,0.0,0.0,0.0,0.092,0.0,0.0,1.5299999999999998,0.0,0.0,2.888,0.0,0.0,0.318,0.0,0.584,0.0,0.0,0.0,0.0,0.0,0.0,0.0,0.0,0.0,1.0,0.0,0.17600000000000002,0.0,0.0,0.0,0.0,0.0,0.0,2.0,0.0,0.0,0.0,0.0,1.5,0.0,0.0,0.0,0.0,0.0,5.0,0.0,1.0,0.0
2016-05-26,1.0,0.001,0.0,4.186,1.204,0.0,0.0,1.104,0.298,0.0,0.0,0.0,0.0,0.0,0.002,0.0,0.0,0.0,0.91,0.0,0.0,0.7340000000000001,0.0,0.0,0.0,0.0,0.0,0.0,0.0,0.0,0.0,0.0,0.08,1.0,0.0,0.001,0.0,0.0,0.0,0.0,0.34,0.14800000000000002,0.0,0.008,0.0,0.0,0.0,0.506,0.0,0.0,0.0,0.0,0.0,0.266,0.0,0.262,0.0
2016-05-27,1.0,0.92,0.0,0.0,0.792,0.0,0.0,1.246,0.0,0.136,0.0,0.0,0.0,0.0,0.0,0.0,0.0,0.0,0.0,0.0,0.0,0.0,0.0,0.0,0.0,0.0,0.0,0.0,0.0,0.0,0.0,0.0,0.0,1.0,0.0,0.262,0.0,0.0,0.0,0.0,0.0,0.0,2.0,0.0,0.0,0.0,0.0,0.28600000000000003,0.0,0.124,0.001,0.0,0.0,0.25,0.0,2.0,0.0
2016-05-28,1.0,2.622,0.0,0.001,0.98,0.0,0.0,0.7879999999999999,0.42,0.0,0.0,0.0,1.12,0.0,0.0,0.52,0.0,0.0,0.0,0.0,0.0,0.0,0.0,0.386,0.0,0.8140000000000001,0.0,0.0,0.0,0.0,0.0,0.0,0.0,30.0,0.158,0.8800000000000001,0.0,0.0,0.0,0.0,0.0,2.3,4.0,4.789,0.222,1.046,0.0,4.0,0.0,1.026,0.003,0.0,990.0,0.522,0.062,0.212,0.0
2016-05-29,0.0,0.5379999999999999,0.0,1.344,0.426,0.0,0.0,1.462,1.2,0.0,0.28600000000000003,0.0,0.6659999999999999,0.0,0.0,2.14,0.0,0.0,0.59,0.0,0.0,0.862,0.0,0.0,0.0,0.0,0.0,0.0,0.0,0.5640000000000001,0.0,0.0,0.0,20.0,0.0,0.46399999999999997,0.0,0.0,0.0,0.0,0.0,0.23199999999999998,2.0,0.0,0.0,0.0,0.0,3.25,0.0,0.188,0.0,0.0,1038.0,0.0,0.078,0.018000000000000002,0.0
2016-05-30,0.0,1.03,0.0,8.89,1.276,0.0,0.0,0.001,1.44,0.0,0.0,0.0,0.0,0.0,0.0,1.57,0.0,0.0,3.242,0.0,0.0,0.0,0.0,0.0,0.0,0.0,0.0,0.168,0.0,0.23800000000000002,0.0,0.0,0.0,12.0,0.0,0.001,0.0,0.0,0.0,0.0,0.0,0.17800000000000002,0.0,0.002,0.0,0.0,0.0,0.354,0.0,0.0,0.0,0.0,0.0,0.20199999999999999,180.0,1.0,0.0
2016-05-31,0.0,0.0,0.0,0.0,0.0,0.0,0.0,1.06,0.706,0.0,0.0,0.0,0.0,0.0,0.0,0.0,0.0,0.0,0.0,0.0,0.0,0.0,0.0,0.0,0.0,0.0,0.0,0.0,0.0,0.0,0.0,0.0,0.0,2.0,0.23,0.0,0.0,0.0,0.0,0.0,0.0,0.4,0.0,0.0,0.0,0.0,0.0,0.488,0.0,0.0,0.0,0.0,0.0,0.0,0.0,12.0,0.0
2016-06-01,0.0,1.9480000000000002,0.0,0.0,0.0,0.0,0.0,1.584,0.386,0.0,0.23199999999999998,0.0,0.0,0.0,0.0,0.972,0.0,0.0,0.0,0.0,0.0,0.0,0.0,0.0,0.0,0.0,0.0,0.0,0.0,0.0,0.0,0.0,0.0,0.444,0.0,0.368,23.0,0.0,0.0,0.0,0.0,4.0,2.5,10.0,0.0,0.0,0.0,1.1,0.0,0.0,0.006,0.0,0.0,5.0,0.0,12.0,0.0
2016-06-02,0.0,1.21,0.0,2.252,0.628,0.0,0.0,0.856,1.168,0.0,0.0,0.0,0.606,0.0,0.0,1.03,0.0,0.0,0.73,0.0,0.0,0.0,0.0,0.0,0.0,0.0,0.0,0.0,0.0,0.0,0.006999999999999999,0.0,0.0,1.0,1.272,0.002,0.0,0.0,0.0,0.0,0.0,0.4,0.0,0.0,0.0,0.0,0.0,0.518,0.0,3.6959999999999997,0.0,0.0,0.0,1.062,0.093,12.0,0.0
2016-06-03,0.0,0.75,0.0,0.0,0.758,0.0,0.0,2.016,0.33799999999999997,0.0,0.0,0.0,0.28600000000000003,0.0,0.0,0.0,0.0,0.0,0.0,0.0,0.0,0.0,0.0,0.0,0.0,0.526,0.0,0.0,0.0,0.0,0.0,0.0,0.0,12.0,1.026,0.001,0.0,0.0,0.0,0.0,0.0,0.0,0.5920000000000001,0.004,0.306,0.0,0.0,0.38799999999999996,0.0,0.0,0.0,0.0,0.0,1.0659999999999998,0.0,1.0,0.0
2016-06-04,1.0,1.876,0.0,0.0,0.001,0.0,0.0,0.598,0.0,0.0,0.32,0.0,0.0,0.0,0.0,0.0,0.0,0.0,1.604,0.0,0.0,0.0,1.224,0.0,0.0,0.0,0.0,0.0,0.0,0.0,0.0,0.0,0.0,2.0,0.594,1.0619999999999998,0.0,0.0,0.0,0.0,0.0,2.4000000000000004,2.0,24.0,0.0,0.0,0.0,0.382,0.0,0.0,0.0,0.0,0.0,0.0,0.0,12.0,0.0
2016-06-05,1.0,0.94,0.0,3.45,12.184000000000001,0.0,0.0,2.278,0.46,0.0,0.5830000000000001,0.0,0.55,0.0,0.424,0.0,0.0,0.0,0.0,0.0,0.0,0.0,0.278,0.0,0.0,0.82,0.0,0.0,0.0,0.0,0.0,0.0,0.0,1.0,1.036,0.344,0.0,0.0,0.0,0.0,0.348,0.188,2.0,0.0,0.0,0.0,0.0,0.598,0.0,0.644,0.001,0.0,0.0,0.0,0.0,0.27,0.0
2016-06-06,0.0,0.0,0.0,0.0,3.0380000000000003,0.0,0.0,0.606,0.0,0.0,0.17600000000000002,0.0,1.036,0.0,0.0,0.0,0.0,0.0,1.274,0.0,0.0,2.028,0.0,0.0,0.0,0.0,0.0,0.0,0.0,0.0,0.0,0.0,0.0,0.0,0.32,0.6120000000000001,0.0,0.0,0.0,0.0,0.0,0.2,3.0,1.5,0.0,0.0,0.0,0.7140000000000001,0.0,0.0,0.0,0.0,0.0,0.0,0.0,0.0,0.0
2016-06-07,1.0,1.726,0.0,0.0,4.109999999999999,0.0,0.0,0.9440000000000001,1.5859999999999999,0.0,0.28,0.0,0.436,0.0,0.002,0.738,0.0,0.0,11.112000000000002,0.0,0.0,0.0,0.0,0.782,0.0,0.9620000000000001,0.0,0.0,0.0,0.0,0.0,0.0,0.0,1.0,0.466,0.001,0.0,0.0,0.0,0.0,0.0,2.2,0.0,0.004,0.0,0.0,0.0,0.9339999999999999,0.0,0.214,0.002,0.0,0.0,0.18,0.188,1.0,0.0
2016-06-08,1.0,0.001,0.0,0.0,1.57,0.0,0.0,1.274,0.0,0.0,0.0,0.0,0.013000000000000001,0.0,0.0,1.9,0.0,0.0,1.486,0.0,0.0,0.0,0.0,0.248,0.0,0.0,0.0,0.0,0.0,0.0,0.0,0.0,0.0,20.0,1.886,0.001,0.0,0.0,0.0,0.0,0.0,0.2,0.282,0.0,0.0,0.0,0.0,0.9159999999999999,0.0,0.0,0.0,0.0,0.0,0.228,0.001,0.0,0.0
2016-06-09,0.0,0.446,0.522,2.698,1.85,0.0,0.0,0.85,0.634,0.0,0.0,0.0,0.34,0.0,0.0,0.0,0.0,0.0,0.598,0.3,0.0,0.28800000000000003,0.0,0.794,0.0,0.0,0.0,0.0,0.0,0.0,0.0,0.0,0.0,1.0,0.256,0.001,0.0,0.0,0.0,0.0,0.0,2.0,0.0,0.0,0.214,0.0,0.0,0.348,0.0,0.0,0.006,0.0,0.0,0.14800000000000002,0.0,0.001,0.0
2016-06-10,1.0,1.7819999999999998,0.0,0.0,0.0,0.0,0.0,1.094,1.8,0.0,0.01,0.0,0.402,0.33,0.0,0.0,0.0,0.0,0.0,0.0,0.0,0.0,0.0,0.0,0.0,0.0,0.0,0.0,0.0,0.0,0.0,0.0,0.0,1.0,0.0,0.0,0.0,0.0,0.0,0.0,0.0,0.0,0.0,0.0,0.0,1.046,0.0,0.508,0.0,0.0,8.0,0.0,0.0,0.0,0.002,0.012,0.0
2016-06-11,0.0,0.812,0.0,5.13,1.486,0.001,0.0,2.304,1.21,0.0,0.0,0.0,0.4,0.0,0.0,0.0,0.0,0.0,0.0,0.0,0.0,0.9279999999999999,0.0,0.0,0.0,0.0,0.0,0.0,0.0,0.0,0.0,0.0,0.0,10.0,0.29,0.166,0.0,0.0,0.0,0.0,0.0,2.0,3.0,0.001,0.0,0.0,0.0,0.374,0.0,0.0,0.0,0.0,0.0,0.0,0.0,2.6660000000000004,0.0
2016-06-12,0.0,0.0,0.344,0.0,1.404,0.0,0.0,0.718,0.44,0.0,0.212,0.0,0.0,0.0,0.0,0.0,0.0,0.0,0.0,0.0,0.0,0.0,0.0,0.0,0.0,0.0,0.0,0.0,0.0,0.0,0.0,0.0,0.0,1.0,0.0,1.0,0.0,0.0,0.0,0.0,0.0,2.0,0.0,2.0,0.0,0.0,0.0,0.106,0.0,0.0,0.002,0.0,0.0,0.48,0.0,0.0,0.0
2016-06-13,0.0,0.0,0.0,0.0,0.642,0.0,0.0,2.3,1.548,0.0,0.348,0.0,0.057999999999999996,0.0,0.0,2.298,0.0,0.0,0.0,0.0,0.0,0.0,0.0,0.0,0.0,0.0,0.0,0.11199999999999999,0.0,0.0,0.0,0.0,0.0,10.0,0.0,0.0,0.0,0.0,0.0,0.0,0.0,0.3,4.0,2.0,0.0,0.0,0.0,0.26,0.0,0.0,6.0,0.0,0.0,0.16,0.314,12.0,0.0
2016-06-14,0.0,0.43200000000000005,0.0,1.49,0.0,0.0,0.001,1.6119999999999999,0.0,0.292,0.21,0.0,0.264,0.0,0.0,2.008,0.0,0.0,1.16,0.0,0.0,0.0,0.0,0.0,0.0,0.0,0.0,0.0,0.0,0.0,0.0,0.0,0.0,20.0,0.0,0.001,0.0,0.0,0.0,0.0,0.0,6.6000000000000005,2.0,24.0,0.0,0.0,0.0,0.142,0.0,0.0,0.0,0.0,0.0,1.124,1.0,1.0,0.0
2016-06-15,0.0,0.792,0.0,0.0,0.924,0.0,0.0,0.442,0.452,0.0,0.0,0.0,0.46399999999999997,0.0,0.0,0.0,0.0,0.0,0.0,0.0,0.0,0.0,0.0,0.854,0.0,0.0,0.0,0.0,0.0,0.0,0.0,0.0,0.0,12.0,0.0,0.001,0.0,0.0,0.0,0.0,0.0,0.0,0.0,0.0,0.0,0.0,0.0,1.84,0.0,0.0,0.003,0.0,0.0,0.0,0.0,0.23,0.0
2016-06-16,1.0,0.456,0.0,12.416,2.2720000000000002,0.0,0.0,1.8019999999999998,1.232,0.0,0.496,0.0,0.624,0.0,0.0,1.764,0.0,0.0,0.36,0.0,0.0,0.39399999999999996,0.0,0.0,0.0,0.0,0.0,0.0,0.0,0.0,0.0,0.0,0.0,3.0,1.0,0.326,0.0,0.0,0.0,0.0,0.0,0.0,2.0,16.0,0.0,0.0,0.0,4.125,0.0,0.0,0.0,0.0,0.0,0.76,0.001,12.0,0.0
2016-06-17,0.0,0.43,0.0,41.269999999999996,0.526,0.0,0.001,1.334,0.54,0.0,0.0,0.0,0.0,0.0,0.0,4.609999999999999,0.0,0.0,0.0,0.0,0.0,0.0,0.0,0.0,0.0,0.0,0.0,0.0,0.0,0.0,0.0,0.0,0.0,0.0,0.204,0.276,0.0,0.0,0.0,0.0,0.0,0.298,2.0,0.001,0.0,0.0,0.0,2.0,0.0,0.002,0.002,0.0,0.0,5.0,0.0,0.006999999999999999,0.0
2016-06-18,0.0,0.001,0.001,44.836,1.98,0.0,0.0,1.7380000000000002,0.20800000000000002,0.0,0.0,0.0,0.252,0.0,0.0,1.2919999999999998,0.0,0.0,0.0,0.0,0.0,0.7440000000000001,0.0,0.0,0.0,0.0,0.0,0.0,0.0,0.0,0.0,0.0,0.0,1.0,0.28,0.714,0.0,0.0,0.0,0.0,0.0,0.2,0.282,0.0,0.0,0.0,0.0,0.002,0.0,0.0,0.0,0.0,530.0,0.156,1.0,0.24,0.0
2016-06-19,1.0,0.612,0.0,9.516,1.078,0.0,0.0,0.662,0.402,0.0,0.0,0.0,0.0,0.0,0.0,0.0,0.318,0.0,2.752,0.0,0.0,0.0,0.0,0.0,0.0,0.0,0.0,0.0,0.0,0.0,0.0,0.0,0.0,2.0,0.184,0.0,0.0,0.0,0.0,0.0,0.0,2.0,15.0,0.0,0.10400000000000001,1.046,0.0,1.25,0.0,0.0,0.0,1.574,0.0,0.0,0.055999999999999994,0.003,0.0
2016-06-20,0.0,0.956,0.0,4.376,0.84,0.0,0.0,0.632,0.0,0.0,0.0,0.0,0.0,0.0,0.0,0.0,0.0,0.0,4.212,0.0,0.0,0.0,0.0,0.0,0.0,0.0,0.0,0.0,0.0,0.0,0.0,0.0,0.068,10.0,0.0,0.001,0.0,0.0,0.0,0.0,0.0,0.3,2.0,0.0,0.0,0.0,0.0,1.0,0.0,0.0,0.001,0.0,0.0,0.0,0.0,0.0,0.0
2016-06-21,2.0,1.002,0.0,0.0,0.0,0.0,0.001,0.782,0.0,0.0,0.0,0.0,0.114,0.0,0.0,0.0,0.0,0.0,0.308,0.0,0.452,0.0,0.0,0.0,0.0,0.0,0.0,0.0,0.0,0.0,0.0,0.0,0.0,2.0,0.196,0.002,0.0,0.0,0.0,0.0,0.582,0.0,0.0,0.0,0.0,0.0,0.0,0.134,0.0,0.0,0.0,0.0,0.0,0.648,0.0,0.008,0.0
2016-06-22,1.0,0.0,0.0,0.0,3.13,0.0,0.0,0.626,0.0,0.0,0.0,0.0,0.28600000000000003,0.0,0.0,0.868,0.0,0.0,0.0,0.0,0.0,0.0,0.0,0.0,0.0,0.0,0.0,0.0,0.0,0.0,0.0,0.0,0.0,10.0,0.0,0.306,0.0,0.0,0.0,0.0,0.0,0.2,0.0,0.002,0.0,0.0,0.0,0.24,0.0,0.0,0.001,0.0,0.0,0.0,0.0,2.0,0.0
2016-06-23,0.0,0.748,0.0,0.0,4.474,0.0,0.0,0.574,0.696,0.0,0.332,0.0,0.348,0.0,0.0,0.0,0.0,0.0,0.0,0.49200000000000005,0.0,0.0,0.0,0.0,0.0,0.0,0.0,0.0,0.0,0.0,0.0,0.0,0.0,50.0,0.29,0.001,0.0,0.0,0.0,0.0,0.0,2.0,0.0,26.0,0.0,0.0,0.514,2.0,0.0,0.0,0.001,0.0,0.0,0.0,0.0,0.0,0.0
2016-06-24,0.0,0.495,0.0,0.63,0.8959999999999999,0.696,0.0,1.3679999999999999,1.0899999999999999,0.0,0.0,0.0,0.40399999999999997,0.0,0.001,2.0180000000000002,0.0,0.0,3.886,0.284,0.0,0.444,0.0,0.0,0.0,0.0,0.0,0.08800000000000001,0.0,0.0,0.0,0.0,0.0,10.0,0.392,0.001,0.0,0.0,0.0,0.0,0.298,0.0,4.0,0.0,0.0,0.0,0.0,0.6,0.001,0.0,0.001,0.0,0.0,0.768,0.0,1.0,0.0
2016-06-25,0.0,0.192,0.0,0.0,0.5539999999999999,0.0,0.0,0.0,0.996,0.0,0.0,0.0,0.32,0.0,0.0,1.9480000000000002,0.0,0.0,0.0,0.0,0.0,0.0,0.0,0.0,0.0,0.0,0.0,0.0,0.0,0.0,0.0,0.0,0.0,1.0,0.154,0.342,0.0,0.0,0.0,0.0,0.0,0.6,0.0,0.0,0.0,0.0,0.0,0.22399999999999998,0.0,0.45,0.001,0.0,0.0,0.142,0.0,0.001,0.0
2016-06-26,0.0,3.6820000000000004,0.0,3.446,2.3280000000000003,0.0,0.0,1.216,0.0,0.0,0.0,0.0,0.542,0.0,0.0,0.0,0.0,0.0,1.008,0.0,0.512,1.0,0.0,0.0,0.0,0.0,0.0,0.0,0.0,0.0,0.0,0.0,0.0,1.0,0.14400000000000002,0.001,0.0,0.0,0.0,0.0,0.0,0.0,0.0,0.004,0.0,0.0,0.0,0.0,0.0,0.0,0.001,0.0,0.0,5.0,0.0,0.006,0.0
2016-06-27,0.0,0.382,0.0,0.0,2.08,0.0,0.0,1.158,0.0,0.0,0.0,0.0,0.0,0.0,0.001,0.836,0.0,0.0,0.0,0.0,0.0,0.0,0.0,1.014,0.0,0.0,0.0,0.132,0.0,0.0,0.0,0.0,0.0,1.0,0.0,0.002,0.0,0.0,0.0,0.0,0.0,6.0,0.0,28.0,0.0,0.0,0.0,0.142,0.0,0.36200000000000004,0.0,0.0,0.0,0.5539999999999999,0.0,1.0,0.0
2016-06-28,1.0,1.212,0.0,0.0,0.0,0.0,0.0,0.6759999999999999,0.0,0.0,0.0,0.0,0.358,0.0,0.0,1.734,0.0,0.0,0.0,0.0,0.0,0.604,0.782,0.0,0.0,0.0,0.0,0.0,0.0,0.0,0.0,0.0,0.0,40.0,0.382,0.332,0.0,0.0,0.0,0.0,0.0,0.0,2.0,0.003,0.0,0.0,0.0,0.758,0.0,0.0,0.0,0.0,0.0,0.54,0.0,0.006,0.0
2016-06-29,0.0,0.484,0.0,0.0,0.72,0.0,0.0,1.5519999999999998,0.516,0.0,0.0,0.0,0.0,0.0,0.0,2.796,0.10400000000000001,0.0,0.0,0.0,0.0,0.0,0.0,0.0,0.0,0.0,0.0,0.0,0.0,0.0,0.0,0.0,0.0,1.0,0.13,0.001,0.0,0.0,0.0,0.0,0.0,4.0,5.0,0.002,0.0,0.0,0.0,152.0,0.0,0.0,0.001,0.0,0.0,0.5579999999999999,0.0,0.0,0.0
2016-06-30,0.0,0.618,0.0,0.0,0.0,0.0,0.0,1.994,1.182,0.0,0.0,0.0,0.272,0.0,0.0,1.422,0.0,0.0,0.892,0.0,0.0,0.552,0.0,0.0,0.0,0.0,0.0,0.0,0.0,0.0,0.0,0.0,0.0,1.0,0.902,0.001,0.0,0.0,0.0,0.0,0.0,0.0,2.0,0.0,0.0,0.0,0.608,1.0,0.002,0.37,0.003,0.0,0.0,0.114,1.136,0.267,0.0
2016-07-01,0.0,0.598,0.0,7.79,0.45399999999999996,1.1760000000000002,0.0,1.526,0.892,0.0,0.264,0.0,0.0,0.0,0.0,0.0,0.0,0.0,1.216,0.0,0.0,0.31,0.18,0.0,0.0,0.0,0.0,0.0,0.0,0.0,0.0,0.0,0.0,1.0,0.0,0.39399999999999996,0.0,0.0,0.0,0.0,0.0,3.0,5.0,0.006,0.0,0.0,0.0,0.33799999999999997,0.0,0.0,0.0,0.0,0.0,5.0,0.1,0.222,0.0
2016-07-02,0.0,0.536,0.0,2.03,5.08,0.0,0.0,1.268,0.0,0.0,0.21600000000000003,0.0,0.638,0.0,0.0,1.328,0.0,0.0,0.0,0.39399999999999996,0.0,1.5500000000000003,0.81,0.0,0.0,1.13,0.0,0.0,0.0,0.0,0.0,0.0,0.0,1.0,0.0,0.0,0.0,0.0,0.0,0.0,0.0,0.182,0.0,0.003,0.0,0.0,0.0,0.001,0.0,0.0,0.002,0.0,0.0,0.266,0.11,0.532,0.0
2016-07-03,1.0,0.5539999999999999,0.0,0.0,3.264,0.0,0.0,0.48200000000000004,0.36,0.382,0.284,0.0,0.308,0.0,0.182,1.4580000000000002,0.0,0.0,0.5379999999999999,0.9940000000000001,0.0,1.8119999999999998,0.0,0.0,0.0,1.26,0.0,0.07,0.0,0.0,0.0,0.0,0.0,1.0,0.0,0.001,0.0,0.0,0.0,1.508,0.0,0.2,0.0,0.0,0.0,0.0,0.0,0.001,0.0,0.94,0.0,0.787,0.0,0.36,0.09,0.001,0.0
2016-07-04,0.0,0.9,0.0,0.0,0.72,0.0,0.0,1.242,1.17,0.0,0.0,0.0,0.41600000000000004,0.0,0.0,0.0,0.0,0.0,0.0,0.6579999999999999,0.0,0.574,0.0,0.0,0.0,0.326,0.0,0.0,0.0,0.0,0.0,0.0,0.0,1.0,0.0,0.0,0.0,0.0,0.0,0.0,0.0,0.18600000000000003,0.0,0.19,0.0,0.0,0.0,0.001,0.0,0.0,0.001,0.0,0.0,0.0,0.002,0.001,0.0
2016-07-05,0.0,0.0,0.0,0.001,0.006,0.0,0.0,0.564,0.318,0.0,0.0,0.0,0.0,0.0,0.0,0.0,0.0,0.0,0.698,0.0,0.674,0.0,0.0,0.0,0.0,0.0,0.0,0.0,0.312,0.0,0.0,0.0,0.0,40.0,0.162,0.7979999999999999,18.0,0.0,0.0,0.0,0.0,2.0,5.0,28.0,0.146,0.0,0.536,0.5760000000000001,0.0,0.46,0.001,0.0,0.0,0.42,0.0,1.0,0.0
2016-07-06,0.0,1.294,0.0,0.0,1.448,0.7240000000000001,0.0,0.0,0.0,0.0,0.0,0.0,0.0,0.0,0.0,1.0,0.0,0.0,0.0,1.076,0.6859999999999999,0.0,0.0,0.0,0.0,0.0,0.0,0.0,0.0,0.0,0.0,0.0,0.0,1.0,0.0,0.862,0.0,0.0,0.0,0.0,0.0,0.3,0.0,0.0,0.0,0.0,0.0,0.536,0.0,1.162,0.001,0.0,0.0,0.0,0.0,12.0,0.0
2016-07-07,0.0,0.7240000000000001,0.0,0.0,0.892,0.0,0.0,0.556,0.348,0.0,0.0,0.0,0.086,0.436,0.0,0.588,0.0,0.0,0.0,0.0,0.0,0.0,0.0,0.0,0.0,0.884,0.0,0.0,0.0,0.0,0.0,0.0,0.0,1.0,0.20800000000000002,0.948,0.0,0.0,0.0,0.0,0.0,2.0,0.0,0.005,0.0,0.0,0.0,0.0,0.0,0.0,0.0,0.0,0.0,5.0,0.0,0.001,0.0
2016-07-08,0.0,2.0,0.0,0.0,0.0,0.0,0.0,0.57,0.932,0.0,0.0,0.0,0.0,0.0,0.0,0.0,0.0,0.0,0.0,0.0,0.0,0.654,0.0,0.0,0.0,0.0,0.0,0.0,0.0,0.0,0.0,0.0,0.0,10.0,0.812,0.264,0.0,0.0,0.0,0.0,0.0,0.3,0.0,0.0,0.0,0.0,0.0,0.0,0.0,0.37,0.002,0.0,0.0,0.58,0.0,0.0,0.0
2016-07-09,0.0,1.9240000000000002,0.0,5.0920000000000005,0.6659999999999999,0.0,0.0,4.272,0.7659999999999999,0.0,0.0,0.0,0.254,0.0,0.0,0.0,0.0,0.0,1.6219999999999999,0.516,0.0,0.0,0.502,0.268,0.0,0.0,0.0,0.0,0.388,0.0,0.0,0.0,0.0,1.0,0.0,0.001,0.0,0.0,0.0,0.0,0.0,0.4,0.0,0.0,0.0,0.0,0.518,2.25,0.0,0.0,0.001,0.0,0.0,0.0,0.001,0.013,0.0
2016-07-10,0.0,0.39,0.0,0.0,1.8940000000000001,0.0,0.0,0.446,0.0,0.0,0.28,0.0,0.07,0.0,0.0,0.0,0.0,0.0,0.0,0.324,0.0,0.0,0.0,0.28800000000000003,0.0,0.0,0.0,0.0,0.0,0.0,0.0,0.0,0.0,0.002,0.47400000000000003,0.001,0.0,0.0,0.0,0.0,0.0,0.0,0.0,36.0,0.0,0.0,0.0,0.294,0.0,0.0,0.0,0.0,0.0,0.0,0.0,19.0,0.0
2016-07-11,0.0,0.8,0.0,0.0,0.774,0.0,0.0,0.826,0.426,0.0,0.0,0.552,0.0,0.0,0.0,1.8780000000000001,0.0,0.0,0.858,0.0,0.0,0.0,0.0,0.218,0.0,0.0,0.0,0.0,0.0,0.0,0.0,0.0,0.0,20.0,0.18600000000000003,0.34,0.0,0.0,0.0,0.0,0.0,0.358,2.0,0.0,0.0,0.0,0.0,1396.0,0.0,0.0,0.005,0.0,0.0,15.0,0.066,0.0,0.0
2016-07-12,0.0,0.0,0.0,0.0,1.91,0.0,0.0,0.802,0.0,0.0,0.0,0.0,0.0,0.0,0.0,0.0,0.0,0.0,1.0979999999999999,0.544,0.44799999999999995,0.0,0.0,0.0,0.0,0.0,0.0,0.0,0.0,0.0,0.0,0.0,0.0,1.0,0.0,0.001,0.0,0.0,0.0,0.0,0.0,0.3,0.0,0.0,0.0,0.0,0.536,0.762,0.0,0.0,0.001,0.0,0.0,0.38,0.0,2.0,0.0
2016-07-13,1.0,0.0,0.0,0.0,1.6019999999999999,0.0,0.0,0.22399999999999998,1.1640000000000001,0.0,0.0,0.0,0.242,0.0,0.0,0.002,0.0,0.0,0.0,0.0,0.0,0.0,0.0,0.0,0.0,0.0,0.0,0.0,0.0,0.0,0.0,0.0,0.0,1.0,0.0,0.001,0.0,0.0,0.0,0.0,0.0,0.3,2.0,2.0,0.0,0.0,0.0,1.875,0.0,0.298,0.0,0.0,0.0,0.0,0.0,1.0,0.0
2016-07-14,1.0,0.376,0.0,0.0,1.5219999999999998,0.0,0.0,0.532,0.0,0.0,0.374,0.0,0.0,0.0,0.0,1.536,0.0,0.0,1.548,0.0,0.0,0.0,0.0,0.0,0.0,0.0,0.0,0.0,0.0,0.174,0.0,0.0,0.0,0.001,0.0,0.002,0.0,0.0,0.0,0.0,0.0,0.2,0.0,0.228,0.0,0.0,0.0,0.02,0.0,0.0,0.001,0.0,0.0,0.53,0.0,0.0,0.0
2016-07-15,0.0,0.604,0.0,0.0,2.552,0.0,0.0,0.584,0.51,0.0,0.5820000000000001,1.0,0.0,0.0,0.0,1.408,0.0,0.0,0.0,0.0,0.0,0.276,0.626,0.0,0.0,0.0,0.0,0.0,0.0,0.0,0.0,0.0,0.0,1.0,0.0,0.17600000000000002,0.022000000000000002,0.0,0.0,0.0,0.0,2.0,0.0,6.292,0.0,0.0,0.0,0.002,0.0,0.0,0.002,0.0,0.0,0.21600000000000003,0.094,8.0,0.0
2016-07-16,0.0,1.66,0.0,0.0,2.49,0.0,0.0,2.04,1.226,0.0,0.188,0.0,0.0,0.0,0.0,0.0,0.0,0.0,1.55,0.0,0.0,0.0,0.992,0.0,0.0,1.25,0.0,0.0,0.0,0.0,0.0,0.0,0.0,0.001,0.0,0.736,0.022000000000000002,0.0,0.0,0.0,0.0,0.6,0.0,20.0,0.0,0.0,0.0,0.9740000000000001,0.0,0.19399999999999998,0.0,0.0,0.0,0.38,0.0,1.0,0.0
2016-07-17,0.0,0.0,0.0,0.0,0.514,0.722,0.0,0.0,0.0,0.0,0.0,0.0,0.0,0.0,0.0,0.0,0.0,0.0,1.986,0.0,0.0,0.0,0.0,1.274,0.0,0.0,0.0,0.0,0.0,0.0,0.0,0.0,0.0,1.0,0.466,0.0,0.0,0.0,0.0,0.0,0.0,0.0,0.0,0.015,0.0,0.0,0.0,0.10400000000000001,0.0,0.514,0.001,0.0,0.0,0.136,0.001,0.012,0.0
2016-07-18,0.0,0.0,0.0,0.0,0.0,0.0,0.0,0.298,0.552,0.0,0.0,0.0,0.0,0.0,0.0,0.0,0.0,0.0,1.12,0.0,0.0,0.0,0.364,0.0,0.0,0.0,0.0,0.0,0.0,0.0,0.0,0.0,0.0,10.0,0.0,0.674,0.0,0.0,0.0,0.0,0.0,0.3,0.0,0.292,0.0,0.0,0.0,3.0,0.0,0.0,0.006,0.0,0.0,1.3299999999999998,0.0,0.008,0.0
2016-07-19,0.0,0.64,0.0,0.0,1.016,0.0,0.0,0.726,0.35600000000000004,0.0,0.0,0.0,0.0,0.0,0.0,0.0,0.0,0.0,0.0,0.0,0.0,0.41600000000000004,0.5379999999999999,0.0,0.0,0.0,0.0,0.0,0.0,0.168,0.0,0.0,0.0,1.0,0.0,0.376,0.033,0.0,0.0,0.0,0.0,2.0,0.0,0.003,0.0,0.0,0.0,0.158,0.0,0.0,0.0,0.0,0.0,0.512,0.0,0.0,0.0
2016-07-20,1.0,0.166,0.0,3.64,1.458,0.0,0.0,0.7440000000000001,0.988,0.0,0.146,0.0,0.494,0.0,0.0,0.001,0.0,0.0,0.708,0.0,0.826,0.626,0.0,1.552,0.0,0.0,0.0,0.0,0.0,0.0,0.0,0.0,0.0,2.0,0.13,0.418,0.0,0.0,0.0,0.0,0.0,0.0,5.0,0.006,0.0,0.0,0.0,0.8,0.0,0.0,0.0,0.0,0.0,0.22399999999999998,0.0,0.008,0.0
2016-07-21,0.0,0.502,0.0,0.0,1.8039999999999998,0.662,0.0,0.0,0.0,0.0,0.0,0.0,0.0,0.0,0.0,0.0,0.0,0.0,0.0,0.0,0.0,0.0,0.0,0.0,0.0,0.0,0.0,0.0,0.0,0.0,0.0,0.0,0.0,1.0,0.0,0.001,0.0,0.0,0.0,0.0,0.0,0.0,2.0,0.0,0.0,0.0,0.0,0.376,0.0,0.5760000000000001,0.0,0.0,0.0,0.0,0.0,3.0,0.0
2016-07-22,0.0,0.45399999999999996,0.0,0.0,1.37,0.0,0.0,1.324,1.456,0.0,0.0,0.0,0.324,0.0,0.0,0.0,0.0,0.0,1.3259999999999998,0.0,0.0,0.0,0.0,0.41200000000000003,0.0,0.0,0.0,0.0,0.0,0.0,0.0,0.0,0.0,1.0,0.43200000000000005,0.001,0.012,0.0,0.0,0.0,0.0,5.2,0.0,0.0,0.17,0.0,0.0,0.262,0.0,0.254,0.0,0.787,0.0,0.8859999999999999,0.094,1.0,0.0
2016-07-23,1.0,0.0,0.0,2.41,0.728,0.38799999999999996,0.0,4.586,0.0,0.0,0.0,0.0,0.0,0.0,0.001,0.0,0.0,0.0,0.7140000000000001,0.0,0.0,0.0,0.85,0.0,0.0,0.0,0.0,0.0,0.0,0.506,0.0,0.0,0.0,40.0,0.23600000000000002,0.002,0.326,0.0,0.0,0.0,0.0,6.0,0.0,16.0,0.0,0.0,0.0,0.23600000000000002,0.0,0.0,0.0,0.0,0.0,9.0,0.888,206.0,0.0
2016-07-24,1.0,0.792,0.22,2.21,0.9,0.0,0.0,1.024,0.698,0.0,0.134,0.0,0.316,0.0,0.0,0.0,0.0,0.0,2.8680000000000003,0.0,0.0,0.0,0.0,0.0,0.0,2.122,0.0,0.0,0.0,0.17,0.0,0.0,0.0,1.0,1.0,0.4,0.0,0.0,0.0,0.0,0.0,0.546,0.0,4.0,0.0,0.0,0.0,0.7120000000000001,0.0,1.1420000000000001,0.001,0.0,0.0,0.196,0.07400000000000001,0.241,0.0
2016-07-25,0.0,1.166,0.0,0.0,0.59,0.514,0.0,0.42200000000000004,0.0,0.0,0.0,0.0,0.0,0.0,0.0,0.0,0.0,0.0,0.0,0.0,0.0,1.024,0.0,0.818,0.0,0.0,0.0,0.172,0.0,0.0,0.0,0.0,0.32399999999999995,0.002,0.0,0.304,0.0,0.0,0.0,0.0,0.0,0.0,0.0,0.0,0.0,0.0,0.0,2.875,0.0,0.626,0.006,0.787,0.0,0.11800000000000001,0.0,0.008,0.0
2016-07-26,0.0,1.27,0.0,0.0,2.0860000000000003,0.0,0.0,0.43,1.088,0.0,0.248,0.0,0.26,0.0,0.0,0.0,0.0,0.0,3.348,0.0,0.0,0.744,0.0,0.0,0.0,0.78,0.0,0.0,0.174,0.0,0.0,0.0,0.0,1.0,0.0,0.0,0.02,0.0,0.0,0.0,0.0,1.058,3.0,0.001,0.0,0.0,0.0,0.312,0.0,0.0,2.333,0.0,0.0,0.0,0.052000000000000005,0.244,0.0
2016-07-27,1.0,0.6,0.664,0.0,2.004,0.0,0.0,0.522,0.26,0.0,0.0,0.0,0.0,0.0,0.002,0.0,0.0,0.0,3.06,0.0,0.0,0.0,0.7959999999999999,0.0,0.0,0.44,0.0,0.0,0.326,0.0,0.0,0.0,0.0,1.0,0.0,0.001,0.0,0.0,0.0,0.0,0.406,0.2,0.0,20.0,0.0,0.0,0.0,0.132,0.0,0.0,0.002,0.0,0.0,0.0,0.0,1.0,0.0
2016-07-28,0.0,0.64,0.72,0.0,1.166,0.0,0.0,1.032,0.0,0.0,0.0,0.0,0.0,0.0,0.0,0.0,0.0,0.0,1.548,0.0,0.0,0.0,0.0,0.452,0.0,0.0,0.0,0.0,0.0,0.0,0.0,0.0,0.0,1.0,0.43800000000000006,0.001,0.0,0.0,0.0,0.0,0.0,0.3,0.0,0.0,0.0,0.0,0.0,0.40399999999999997,0.0,0.284,0.012,0.0,552.0,0.38,0.001,1.0,0.0
2016-07-29,0.0,0.42200000000000004,0.0,0.0,1.272,0.0,0.0,0.47,0.488,0.0,0.0,0.0,0.0,0.0,0.0,0.0,0.0,0.0,3.97,0.0,0.426,0.43200000000000005,0.0,0.0,0.0,0.0,0.0,0.0,0.0,0.0,0.0,0.0,0.0,2.0,1.0,0.8660000000000001,0.015,0.0,0.0,0.0,0.0,3.0,6.0,4.0,0.0,0.0,0.0,0.132,0.0,0.0,0.001,0.0,0.0,0.56,0.0,1.0,0.0
2016-07-30,0.0,0.001,0.0,1.9340000000000002,0.966,0.9159999999999999,0.0,2.036,0.306,0.0,0.0,0.0,0.43799999999999994,0.0,0.0,0.0,0.0,0.0,0.6559999999999999,0.0,0.35,0.474,1.146,1.296,0.0,0.0,0.0,0.0,0.0,0.0,0.0,0.0,0.0,1.0,0.156,0.001,0.0,0.0,0.0,0.0,0.0,2.0,0.0,0.0,0.0,0.0,0.0,0.001,0.0,0.0,0.001,0.0,0.0,0.0,0.0,1.0,0.0
2016-07-31,0.0,1.306,0.442,0.0,0.862,0.0,0.0,1.236,0.0,0.0,0.244,0.504,0.0,0.0,0.001,0.122,0.0,0.0,0.0,0.0,0.0,0.0,0.47,1.64,0.0,0.0,0.0,0.0,0.182,0.0,0.0,0.0,0.0,1.0,0.406,1.0,0.0,0.0,0.0,0.0,0.0,4.0,2.0,4.0,0.502,0.0,0.0,0.292,0.0,0.42,2.333,0.0,500.0,0.38,0.001,2.0,0.0
